{"type":"FeatureCollection","features":[{"type":"Feature","properties":{"kind":"other-land"},"geometry":{"type":"MultiPolygon","coordinates":[[[[145.708,18.763],[145.678,18.725],[145.653,18.753],[145.646,18.807],[145.69,18.802],[145.707,18.79],[145.708,18.763]]],[[[145.712,16.339],[145.69,16.332],[145.658,16.336],[145.636,16.352],[145.631,16.378],[145.696,16.38],[145.72,16.36],[145.712,16.339]]],[[[145.265,14.158],[145.215,14.111],[145.18,14.121],[145.157,14.137],[145.152,14.164],[145.232,14.189],[145.265,14.18],[145.265,14.158]]],[[[145.778,18.079],[145.729,18.057],[145.789,18.155],[145.807,18.173],[145.835,18.137],[145.778,18.079]]],[[[145.752,15.133],[145.749,15.107],[145.698,15.114],[145.684,15.125],[145.713,15.215],[145.786,15.257],[145.822,15.265],[145.789,15.223],[145.782,15.175],[145.752,15.133]]],[[[145.662,14.971],[145.621,14.92],[145.592,14.999],[145.587,15.031],[145.625,15.06],[145.647,15.059],[145.662,14.971]]]]}},{"type":"Feature","properties":{"kind":"other-land"},"geometry":{"type":"MultiPolygon","coordinates":[[[[-64.845,18.33],[-64.92,18.321],[-65.024,18.368],[-64.942,18.385],[-64.889,18.374],[-64.845,18.33]]],[[[-64.66,18.354],[-64.726,18.328],[-64.771,18.332],[-64.788,18.341],[-64.752,18.372],[-64.66,18.354]]],[[[-64.766,17.794],[-64.682,17.75],[-64.58,17.75],[-64.686,17.706],[-64.889,17.702],[-64.885,17.772],[-64.766,17.794]]]]}},{"type":"Feature","properties":{"kind":"other-land"},"geometry":{"type":"Polygon","coordinates":[[[144.742,13.259],[144.7,13.258],[144.663,13.291],[144.65,13.313],[144.649,13.429],[144.79,13.527],[144.837,13.622],[144.875,13.615],[144.91,13.599],[144.941,13.57],[144.78,13.411],[144.742,13.259]]]}},{"type":"Feature","properties":{"kind":"other-land"},"geometry":{"type":"Polygon","coordinates":[[[-170.726,-14.351],[-170.769,-14.36],[-170.821,-14.312],[-170.721,-14.276],[-170.689,-14.257],[-170.568,-14.267],[-170.64,-14.282],[-170.726,-14.351]]]}},{"type":"Feature","properties":{"kind":"other-land"},"geometry":{"type":"MultiPolygon","coordinates":[[[[-66.129,18.445],[-66.098,18.425],[-66.068,18.428],[-66.093,18.469],[-66.07,18.469],[-65.879,18.444],[-65.756,18.402],[-65.629,18.381],[-65.621,18.242],[-65.718,18.187],[-65.782,18.129],[-65.834,18.057],[-65.971,17.974],[-66.135,17.949],[-66.245,17.947],[-66.286,17.95],[-66.326,17.964],[-66.409,17.951],[-66.511,17.987],[-66.598,17.978],[-66.772,17.987],[-66.838,17.955],[-66.9,17.948],[-66.961,17.954],[-67.013,17.968],[-67.142,17.967],[-67.197,17.994],[-67.174,18.153],[-67.172,18.224],[-67.204,18.283],[-67.239,18.321],[-67.264,18.365],[-67.213,18.394],[-67.172,18.436],[-67.159,18.499],[-67.113,18.515],[-67.06,18.522],[-66.813,18.493],[-66.189,18.476],[-66.153,18.471],[-66.129,18.445]]],[[[-65.426,18.106],[-65.504,18.1],[-65.555,18.108],[-65.572,18.137],[-65.477,18.165],[-65.366,18.161],[-65.303,18.144],[-65.295,18.133],[-65.426,18.106]]],[[[-67.872,18.06],[-67.882,18.059],[-67.891,18.06],[-67.895,18.063],[-67.902,18.072],[-67.93,18.087],[-67.937,18.101],[-67.931,18.115],[-67.919,18.121],[-67.861,18.123],[-67.855,18.121],[-67.844,18.111],[-67.843,18.104],[-67.849,18.097],[-67.859,18.08],[-67.863,18.075],[-67.867,18.071],[-67.868,18.063],[-67.872,18.06]]]]}},{"type":"Feature","properties":{"kind":"other-land"},"geometry":{"type":"MultiPolygon","coordinates":[[[[-26.264,-58.435],[-26.26,-58.492],[-26.415,-58.44],[-26.451,-58.415],[-26.401,-58.383],[-26.303,-58.382],[-26.279,-58.402],[-26.264,-58.435]]],[[[-37.103,-54.066],[-37.006,-54.114],[-36.929,-54.081],[-36.849,-54.085],[-36.805,-54.101],[-36.76,-54.108],[-36.704,-54.108],[-36.607,-54.19],[-36.647,-54.262],[-36.541,-54.248],[-36.449,-54.308],[-36.407,-54.303],[-36.386,-54.279],[-36.326,-54.251],[-36.285,-54.289],[-36.236,-54.36],[-36.173,-54.382],[-36.117,-54.458],[-36.073,-54.554],[-36.033,-54.568],[-35.965,-54.568],[-35.895,-54.555],[-35.922,-54.637],[-35.913,-54.711],[-35.799,-54.763],[-35.867,-54.792],[-35.939,-54.834],[-36.085,-54.867],[-36.124,-54.853],[-36.252,-54.78],[-36.311,-54.694],[-36.446,-54.571],[-36.472,-54.534],[-36.507,-54.511],[-36.628,-54.496],[-36.735,-54.467],[-36.824,-54.404],[-36.852,-54.366],[-36.886,-54.339],[-37.007,-54.341],[-37.083,-54.312],[-37.158,-54.271],[-37.498,-54.156],[-37.631,-54.167],[-37.692,-54.135],[-37.689,-54.077],[-37.619,-54.042],[-37.913,-54.029],[-38.017,-54.008],[-37.946,-53.996],[-37.536,-53.994],[-37.382,-53.984],[-37.369,-54.009],[-37.233,-54.061],[-37.103,-54.066]]]]}},{"type":"Feature","properties":{"kind":"other-land"},"geometry":{"type":"Polygon","coordinates":[[[72.492,-7.377],[72.469,-7.417],[72.429,-7.435],[72.408,-7.334],[72.35,-7.263],[72.373,-7.263],[72.427,-7.3],[72.447,-7.396],[72.467,-7.368],[72.462,-7.338],[72.474,-7.31],[72.465,-7.278],[72.436,-7.23],[72.446,-7.22],[72.494,-7.262],[72.499,-7.295],[72.492,-7.377]]]}},{"type":"Feature","properties":{"kind":"other-land"},"geometry":{"type":"MultiPolygon","coordinates":[[[[-5.692,-15.998],[-5.783,-16.004],[-5.775,-15.957],[-5.708,-15.906],[-5.662,-15.913],[-5.66,-15.971],[-5.692,-15.998]]],[[[-14.364,-7.974],[-14.399,-7.976],[-14.409,-7.967],[-14.415,-7.944],[-14.399,-7.906],[-14.384,-7.883],[-14.36,-7.886],[-14.329,-7.913],[-14.303,-7.935],[-14.317,-7.956],[-14.364,-7.974]]]]}},{"type":"Feature","properties":{"kind":"other-land"},"geometry":{"type":"Polygon","coordinates":[[[-128.29,-24.397],[-128.3,-24.413],[-128.321,-24.4],[-128.342,-24.371],[-128.35,-24.34],[-128.33,-24.323],[-128.304,-24.334],[-128.291,-24.365],[-128.29,-24.397]]]}},{"type":"Feature","properties":{"kind":"other-land"},"geometry":{"type":"Polygon","coordinates":[[[-63.001,18.222],[-63.16,18.171],[-63.153,18.2],[-63.026,18.27],[-62.98,18.265],[-63.001,18.222]]]}},{"type":"Feature","properties":{"kind":"other-land"},"geometry":{"type":"MultiPolygon","coordinates":[[[[-58.85,-51.27],[-58.698,-51.329],[-58.506,-51.308],[-58.426,-51.324],[-58.379,-51.373],[-58.407,-51.418],[-58.467,-51.412],[-58.519,-51.424],[-58.509,-51.484],[-58.474,-51.509],[-58.272,-51.575],[-58.235,-51.579],[-58.241,-51.551],[-58.276,-51.506],[-58.289,-51.458],[-58.259,-51.417],[-58.206,-51.405],[-57.977,-51.384],[-57.923,-51.404],[-57.808,-51.518],[-57.915,-51.534],[-57.96,-51.583],[-57.866,-51.605],[-57.792,-51.636],[-57.831,-51.685],[-57.838,-51.709],[-58.004,-51.743],[-58.151,-51.765],[-58.218,-51.822],[-58.336,-51.864],[-58.683,-51.936],[-58.643,-51.995],[-58.638,-52.023],[-58.653,-52.099],[-59.131,-52.008],[-59.196,-52.018],[-59.068,-52.173],[-59.163,-52.202],[-59.256,-52.183],[-59.342,-52.196],[-59.396,-52.308],[-59.532,-52.236],[-59.649,-52.134],[-59.649,-52.077],[-59.537,-51.971],[-59.571,-51.925],[-59.309,-51.78],[-59.262,-51.737],[-59.18,-51.712],[-59.095,-51.704],[-59.06,-51.685],[-59.065,-51.65],[-59.099,-51.59],[-59.097,-51.491],[-58.887,-51.358],[-58.917,-51.272],[-58.85,-51.27]]],[[[-60.286,-51.462],[-60.142,-51.481],[-60.009,-51.411],[-59.917,-51.388],[-59.842,-51.403],[-59.788,-51.446],[-59.711,-51.439],[-59.493,-51.396],[-59.465,-51.411],[-59.388,-51.36],[-59.321,-51.384],[-59.268,-51.428],[-59.294,-51.479],[-59.354,-51.511],[-59.392,-51.556],[-59.437,-51.593],[-59.514,-51.627],[-59.573,-51.681],[-59.715,-51.808],[-59.921,-51.97],[-59.99,-51.984],[-60.132,-51.994],[-60.194,-51.983],[-60.246,-51.986],[-60.288,-52.074],[-60.353,-52.14],[-60.384,-52.154],[-60.452,-52.16],[-60.484,-52.17],[-60.508,-52.195],[-60.686,-52.188],[-60.812,-52.148],[-60.961,-52.057],[-60.762,-51.946],[-60.591,-51.952],[-60.45,-51.877],[-60.334,-51.84],[-60.289,-51.801],[-60.238,-51.772],[-60.238,-51.734],[-60.277,-51.717],[-60.328,-51.718],[-60.38,-51.735],[-60.5,-51.757],[-60.583,-51.713],[-60.528,-51.696],[-60.467,-51.697],[-60.281,-51.656],[-60.245,-51.639],[-60.303,-51.58],[-60.415,-51.545],[-60.506,-51.485],[-60.523,-51.463],[-60.518,-51.428],[-60.568,-51.358],[-60.516,-51.354],[-60.445,-51.399],[-60.286,-51.462]]],[[[-61.019,-51.786],[-60.947,-51.8],[-60.876,-51.794],[-60.916,-51.897],[-60.948,-51.946],[-61.032,-51.942],[-61.116,-51.875],[-61.145,-51.839],[-61.052,-51.814],[-61.019,-51.786]]],[[[-58.439,-52.011],[-58.433,-52.099],[-58.513,-52.071],[-58.541,-52.028],[-58.497,-51.999],[-58.461,-52.002],[-58.439,-52.011]]],[[[-60.112,-51.396],[-60.249,-51.396],[-60.276,-51.363],[-60.275,-51.281],[-60.171,-51.273],[-60.07,-51.308],[-60.076,-51.343],[-60.112,-51.396]]],[[[-59.683,-52.232],[-59.747,-52.251],[-59.764,-52.242],[-59.785,-52.205],[-59.786,-52.156],[-59.793,-52.134],[-59.753,-52.141],[-59.681,-52.18],[-59.683,-52.232]]]]}},{"type":"Feature","properties":{"kind":"other-land"},"geometry":{"type":"MultiPolygon","coordinates":[[[[-81.37,19.349],[-81.337,19.329],[-81.296,19.341],[-81.285,19.363],[-81.13,19.347],[-81.107,19.305],[-81.225,19.304],[-81.277,19.277],[-81.304,19.272],[-81.405,19.278],[-81.419,19.375],[-81.391,19.385],[-81.37,19.349]]],[[[-79.979,19.708],[-79.989,19.703],[-80.021,19.707],[-80.094,19.666],[-80.126,19.668],[-80.116,19.683],[-80.101,19.696],[-80.084,19.706],[-80.068,19.71],[-80.016,19.718],[-79.992,19.719],[-79.975,19.71],[-79.979,19.708]]],[[[-79.823,19.712],[-79.87,19.697],[-79.906,19.703],[-79.824,19.744],[-79.803,19.758],[-79.785,19.766],[-79.766,19.766],[-79.742,19.757],[-79.742,19.751],[-79.823,19.712]]]]}},{"type":"Feature","properties":{"kind":"other-land"},"geometry":{"type":"Polygon","coordinates":[[[-64.73,32.293],[-64.82,32.26],[-64.845,32.262],[-64.863,32.274],[-64.771,32.308],[-64.695,32.387],[-64.668,32.382],[-64.73,32.293]]]}},{"type":"Feature","properties":{"kind":"other-land"},"geometry":{"type":"MultiPolygon","coordinates":[[[[-64.395,18.465],[-64.421,18.457],[-64.438,18.459],[-64.444,18.473],[-64.426,18.513],[-64.325,18.517],[-64.395,18.465]]],[[[-64.594,18.403],[-64.672,18.399],[-64.695,18.412],[-64.651,18.443],[-64.569,18.446],[-64.545,18.438],[-64.594,18.403]]],[[[-64.288,18.741],[-64.274,18.707],[-64.282,18.708],[-64.339,18.731],[-64.383,18.733],[-64.401,18.739],[-64.411,18.751],[-64.323,18.753],[-64.288,18.741]]]]}},{"type":"Feature","properties":{"kind":"other-land"},"geometry":{"type":"MultiPolygon","coordinates":[[[[-71.661,21.765],[-71.665,21.752],[-71.722,21.79],[-71.83,21.791],[-71.848,21.843],[-71.806,21.852],[-71.668,21.833],[-71.637,21.788],[-71.661,21.765]]],[[[-71.88,21.84],[-71.897,21.83],[-71.955,21.864],[-71.964,21.892],[-71.985,21.893],[-72.019,21.918],[-72.011,21.95],[-71.932,21.952],[-71.9,21.863],[-71.88,21.84]]],[[[-72.333,21.851],[-72.219,21.796],[-72.15,21.804],[-72.144,21.793],[-72.182,21.78],[-72.191,21.77],[-72.301,21.755],[-72.335,21.758],[-72.342,21.795],[-72.333,21.851]]]]}},{"type":"Feature","properties":{"kind":"other-land"},"geometry":{"type":"Polygon","coordinates":[[[-62.148,16.74],[-62.154,16.681],[-62.222,16.7],[-62.223,16.752],[-62.191,16.804],[-62.176,16.81],[-62.148,16.74]]]}},{"type":"Feature","properties":{"kind":"other-land"},"geometry":{"type":"Polygon","coordinates":[[[-2.019,49.231],[-2.01,49.181],[-2.054,49.17],[-2.091,49.187],[-2.166,49.187],[-2.236,49.176],[-2.221,49.266],[-2.082,49.255],[-2.019,49.231]]]}},{"type":"Feature","properties":{"kind":"other-land"},"geometry":{"type":"Polygon","coordinates":[[[-2.512,49.495],[-2.547,49.429],[-2.639,49.451],[-2.646,49.468],[-2.542,49.507],[-2.521,49.506],[-2.512,49.495]]]}},{"type":"Feature","properties":{"kind":"other-land"},"geometry":{"type":"Polygon","coordinates":[[[-4.412,54.185],[-4.614,54.059],[-4.696,54.081],[-4.766,54.069],[-4.785,54.073],[-4.746,54.119],[-4.699,54.225],[-4.615,54.267],[-4.509,54.377],[-4.425,54.407],[-4.396,54.403],[-4.377,54.393],[-4.338,54.269],[-4.392,54.225],[-4.412,54.185]]]}},{"type":"Feature","properties":{"kind":"other-land"},"geometry":{"type":"MultiPolygon","coordinates":[[[[121.009,22.62],[120.947,22.503],[120.897,22.379],[120.877,22.262],[120.878,22.142],[120.864,22.033],[120.84,21.925],[120.743,21.956],[120.69,22.033],[120.678,22.16],[120.608,22.313],[120.581,22.356],[120.48,22.442],[120.388,22.485],[120.316,22.548],[120.326,22.542],[120.273,22.627],[120.233,22.718],[120.15,22.975],[120.122,23.037],[120.083,23.094],[120.072,23.15],[120.086,23.212],[120.121,23.305],[120.143,23.399],[120.125,23.527],[120.132,23.653],[120.159,23.709],[120.63,24.479],[120.757,24.642],[120.836,24.723],[120.902,24.813],[120.964,24.928],[121.041,25.033],[121.095,25.065],[121.365,25.159],[121.45,25.249],[121.517,25.277],[121.594,25.275],[121.643,25.232],[121.687,25.182],[121.733,25.154],[121.853,25.104],[121.905,25.056],[121.929,24.974],[121.856,24.895],[121.82,24.825],[121.813,24.746],[121.826,24.641],[121.828,24.534],[121.737,24.285],[121.639,24.13],[121.613,24.053],[121.583,23.861],[121.526,23.668],[121.477,23.424],[121.397,23.173],[121.352,23.067],[121.296,22.967],[121.161,22.776],[121.009,22.62]]],[[[118.407,24.522],[118.451,24.456],[118.433,24.414],[118.295,24.436],[118.287,24.477],[118.339,24.469],[118.407,24.522]]]]}},{"type":"Feature","properties":{"kind":"other-land"},"geometry":{"type":"Polygon","coordinates":[[[-169.803,-19.083],[-169.904,-19.138],[-169.948,-19.073],[-169.909,-18.99],[-169.862,-18.969],[-169.834,-18.966],[-169.793,-19.043],[-169.803,-19.083]]]}},{"type":"Feature","properties":{"kind":"other-land"},"geometry":{"type":"Polygon","coordinates":[[[-159.741,-21.249],[-159.773,-21.25],[-159.813,-21.242],[-159.84,-21.238],[-159.842,-21.229],[-159.832,-21.2],[-159.811,-21.186],[-159.768,-21.188],[-159.74,-21.208],[-159.737,-21.241],[-159.741,-21.249]]]}},{"type":"Feature","properties":{"kind":"other-land"},"geometry":{"type":"Polygon","coordinates":[[[-69.899,12.452],[-69.896,12.423],[-69.942,12.439],[-70.004,12.5],[-70.066,12.547],[-70.051,12.597],[-70.035,12.614],[-69.973,12.568],[-69.912,12.48],[-69.899,12.452]]]}},{"type":"Feature","properties":{"kind":"other-land"},"geometry":{"type":"Polygon","coordinates":[[[-68.751,12.06],[-68.803,12.045],[-68.995,12.142],[-69.154,12.298],[-69.159,12.38],[-69.118,12.373],[-69.077,12.342],[-69.013,12.231],[-68.827,12.159],[-68.751,12.06]]]}},{"type":"Feature","properties":{"kind":"other-land"},"geometry":{"type":"Polygon","coordinates":[[[-8.818,27.656],[-8.818,27.656],[-8.683,27.656],[-8.683,27.49],[-8.683,27.286],[-8.683,27.119],[-8.683,26.921],[-8.683,26.723],[-8.682,26.498],[-8.682,26.273],[-8.682,26.109],[-8.682,25.996],[-8.886,25.996],[-9.072,25.996],[-9.258,25.996],[-9.445,25.996],[-9.631,25.996],[-9.817,25.995],[-10.004,25.995],[-10.19,25.995],[-10.376,25.995],[-10.562,25.995],[-10.749,25.995],[-10.935,25.995],[-11.121,25.995],[-11.308,25.995],[-11.494,25.995],[-11.68,25.995],[-11.867,25.995],[-12.016,25.995],[-12.016,25.876],[-12.016,25.74],[-12.016,25.604],[-12.016,25.468],[-12.016,25.332],[-12.016,25.196],[-12.016,25.059],[-12.016,24.923],[-12.016,24.787],[-12.016,24.651],[-12.016,24.515],[-12.016,24.379],[-12.016,24.242],[-12.016,24.106],[-12.016,23.97],[-12.016,23.834],[-12.016,23.698],[-12.016,23.576],[-12.023,23.468],[-12.083,23.435],[-12.226,23.377],[-12.373,23.318],[-12.559,23.291],[-12.62,23.271],[-12.74,23.193],[-12.896,23.09],[-13.031,23],[-13.121,22.884],[-13.153,22.821],[-13.167,22.753],[-13.156,22.689],[-13.107,22.561],[-13.094,22.496],[-13.087,22.383],[-13.078,22.26],[-13.07,22.128],[-13.061,21.996],[-13.051,21.855],[-13.042,21.714],[-13.032,21.572],[-13.025,21.467],[-13.016,21.334],[-13.167,21.334],[-13.397,21.334],[-13.626,21.333],[-13.855,21.333],[-14.085,21.333],[-14.314,21.332],[-14.543,21.332],[-14.773,21.332],[-15.002,21.332],[-15.231,21.331],[-15.461,21.331],[-15.69,21.331],[-15.919,21.33],[-16.148,21.33],[-16.378,21.33],[-16.607,21.33],[-16.836,21.329],[-16.965,21.329],[-17.006,21.142],[-17.042,21.008],[-17.064,20.899],[-17.048,20.806],[-17.099,20.857],[-17.01,21.377],[-17.003,21.421],[-17.003,21.421],[-16.951,21.43],[-16.731,21.47],[-16.581,21.481],[-16.191,21.481],[-16.041,21.501],[-15.921,21.501],[-15.751,21.491],[-15.611,21.47],[-15.461,21.451],[-15.291,21.451],[-15.151,21.441],[-14.971,21.441],[-14.841,21.451],[-14.751,21.501],[-14.671,21.6],[-14.641,21.68],[-14.611,21.751],[-14.621,21.821],[-14.631,21.861],[-14.581,21.911],[-14.521,21.991],[-14.461,22.041],[-14.441,22.081],[-14.381,22.121],[-14.311,22.191],[-14.271,22.241],[-14.221,22.31],[-14.211,22.371],[-14.191,22.451],[-14.191,22.59],[-14.171,22.76],[-14.141,22.871],[-14.121,22.961],[-14.101,23.1],[-14.041,23.34],[-14.021,23.411],[-13.981,23.52],[-13.931,23.621],[-13.891,23.691],[-13.841,23.751],[-13.771,23.791],[-13.661,23.831],[-13.581,23.871],[-13.481,23.911],[-13.391,23.941],[-13.311,23.981],[-13.281,24.02],[-13.231,24.09],[-13.161,24.22],[-13.121,24.3],[-13.061,24.401],[-12.991,24.47],[-12.948,24.497],[-12.911,24.52],[-12.821,24.571],[-12.711,24.63],[-12.631,24.68],[-12.561,24.731],[-12.501,24.77],[-12.431,24.831],[-12.401,24.88],[-12.361,24.97],[-12.311,25.111],[-12.271,25.26],[-12.231,25.421],[-12.201,25.52],[-12.171,25.64],[-12.131,25.731],[-12.101,25.831],[-12.081,25.871],[-12.081,25.921],[-12.061,25.991],[-12.057,25.996],[-12.031,26.031],[-11.961,26.05],[-11.881,26.071],[-11.755,26.087],[-11.718,26.104],[-11.699,26.163],[-11.685,26.213],[-11.637,26.296],[-11.584,26.361],[-11.553,26.401],[-11.512,26.47],[-11.471,26.52],[-11.4,26.584],[-11.338,26.633],[-11.317,26.684],[-11.317,26.745],[-11.361,26.794],[-11.393,26.883],[-11.264,26.911],[-11.15,26.941],[-11.047,26.97],[-10.923,27.01],[-10.83,27.01],[-10.758,27.02],[-10.654,27.001],[-10.551,26.991],[-10.479,26.961],[-10.355,26.901],[-10.251,26.861],[-10.189,26.861],[-10.123,26.88],[-10.067,26.909],[-10.033,26.911],[-9.981,26.89],[-9.9,26.85],[-9.818,26.85],[-9.735,26.861],[-9.673,26.911],[-9.57,26.991],[-9.487,27.05],[-9.413,27.088],[-9.353,27.098],[-9.286,27.098],[-9.208,27.1],[-9.084,27.09],[-9.002,27.09],[-8.889,27.104],[-8.795,27.121],[-8.754,27.151],[-8.754,27.191],[-8.774,27.251],[-8.797,27.308],[-8.803,27.361],[-8.789,27.417],[-8.774,27.461],[-8.785,27.531],[-8.814,27.614],[-8.818,27.656]]]}},{"type":"Feature","properties":{"kind":"other-land"},"geometry":{"type":"Polygon","coordinates":[[[20.344,42.828],[20.469,42.858],[20.487,42.879],[20.458,42.925],[20.475,42.953],[20.624,43.034],[20.649,43.071],[20.658,43.1],[20.638,43.13],[20.61,43.178],[20.623,43.199],[20.701,43.226],[20.763,43.259],[20.801,43.261],[20.824,43.238],[20.824,43.214],[20.844,43.173],[20.891,43.152],[20.968,43.116],[21.057,43.092],[21.127,43.043],[21.223,42.956],[21.237,42.913],[21.323,42.875],[21.403,42.832],[21.391,42.751],[21.663,42.681],[21.724,42.682],[21.753,42.67],[21.752,42.652],[21.731,42.595],[21.619,42.423],[21.61,42.387],[21.53,42.35],[21.519,42.328],[21.542,42.281],[21.563,42.248],[21.561,42.248],[21.39,42.22],[21.332,42.187],[21.298,42.13],[21.287,42.1],[21.256,42.1],[21.206,42.129],[21.142,42.175],[21.06,42.171],[20.778,42.071],[20.75,42.018],[20.744,41.904],[20.725,41.874],[20.695,41.854],[20.579,41.866],[20.566,41.874],[20.581,41.917],[20.575,42.013],[20.523,42.171],[20.485,42.223],[20.408,42.275],[20.348,42.309],[20.241,42.339],[20.186,42.426],[20.104,42.525],[20.064,42.547],[20.07,42.557],[20.089,42.632],[20.066,42.686],[20.029,42.732],[20.054,42.76],[20.13,42.76],[20.193,42.755],[20.215,42.799],[20.344,42.828]]]}},{"type":"Feature","properties":{"kind":"other-land"},"geometry":{"type":"MultiPolygon","coordinates":[[[[-56.151,46.762],[-56.172,46.753],[-56.243,46.767],[-56.209,46.798],[-56.185,46.807],[-56.153,46.811],[-56.137,46.802],[-56.139,46.779],[-56.151,46.762]]],[[[-56.267,46.838],[-56.354,46.795],[-56.385,46.819],[-56.377,46.848],[-56.333,46.916],[-56.334,46.936],[-56.387,47.068],[-56.378,47.09],[-56.365,47.099],[-56.287,47.071],[-56.278,47.035],[-56.315,46.954],[-56.29,46.9],[-56.255,46.861],[-56.267,46.838]]]]}},{"type":"Feature","properties":{"kind":"other-land"},"geometry":{"type":"MultiPolygon","coordinates":[[[[-176.161,-13.333],[-176.177,-13.341],[-176.195,-13.302],[-176.171,-13.243],[-176.148,-13.222],[-176.128,-13.268],[-176.161,-13.333]]],[[[-178.047,-14.318],[-178.103,-14.325],[-178.159,-14.312],[-178.194,-14.255],[-178.178,-14.232],[-178.142,-14.243],[-178.105,-14.284],[-178.044,-14.303],[-178.047,-14.318]]]]}},{"type":"Feature","properties":{"kind":"other-land"},"geometry":{"type":"Polygon","coordinates":[[[-63.011,18.069],[-63.123,18.069],[-63.115,18.091],[-63.063,18.115],[-63.025,18.113],[-63.009,18.104],[-63.011,18.069]]]}},{"type":"Feature","properties":{"kind":"other-land"},"geometry":{"type":"Polygon","coordinates":[[[-62.832,17.876],[-62.847,17.875],[-62.859,17.884],[-62.869,17.899],[-62.875,17.914],[-62.874,17.922],[-62.865,17.918],[-62.8,17.909],[-62.807,17.898],[-62.818,17.885],[-62.832,17.876]]]}},{"type":"Feature","properties":{"kind":"other-land"},"geometry":{"type":"MultiPolygon","coordinates":[[[[-151.467,-16.658],[-151.485,-16.665],[-151.504,-16.647],[-151.512,-16.619],[-151.506,-16.574],[-151.457,-16.604],[-151.438,-16.623],[-151.467,-16.658]]],[[[-149.814,-17.545],[-149.845,-17.571],[-149.887,-17.553],[-149.905,-17.528],[-149.912,-17.501],[-149.902,-17.47],[-149.809,-17.474],[-149.782,-17.488],[-149.814,-17.545]]],[[[-151.41,-16.878],[-151.449,-16.879],[-151.485,-16.864],[-151.476,-16.761],[-151.467,-16.74],[-151.411,-16.774],[-151.365,-16.864],[-151.41,-16.878]]],[[[-149.322,-17.69],[-149.178,-17.737],[-149.151,-17.812],[-149.182,-17.862],[-149.254,-17.85],[-149.29,-17.822],[-149.341,-17.732],[-149.482,-17.753],[-149.579,-17.735],[-149.633,-17.618],[-149.635,-17.564],[-149.611,-17.532],[-149.508,-17.496],[-149.379,-17.522],[-149.33,-17.589],[-149.322,-17.69]]],[[[-139.024,-9.695],[-138.874,-9.747],[-138.827,-9.742],[-138.875,-9.793],[-139.024,-9.821],[-139.074,-9.846],[-139.134,-9.829],[-139.166,-9.77],[-139.024,-9.695]]],[[[-139.06,-9.931],[-139.134,-10.01],[-139.134,-9.926],[-139.107,-9.915],[-139.083,-9.915],[-139.06,-9.931]]],[[[-138.651,-10.515],[-138.688,-10.532],[-138.69,-10.426],[-138.643,-10.446],[-138.624,-10.463],[-138.632,-10.492],[-138.651,-10.515]]],[[[-140.073,-8.91],[-140.171,-8.934],[-140.217,-8.93],[-140.253,-8.848],[-140.24,-8.798],[-140.224,-8.782],[-140.058,-8.801],[-140.044,-8.838],[-140.046,-8.874],[-140.073,-8.91]]],[[[-140.076,-9.426],[-140.097,-9.444],[-140.138,-9.384],[-140.144,-9.359],[-140.071,-9.328],[-140.031,-9.345],[-140.076,-9.426]]],[[[-140.809,-17.857],[-140.804,-17.876],[-140.841,-17.873],[-140.852,-17.867],[-140.851,-17.831],[-140.824,-17.788],[-140.804,-17.752],[-140.761,-17.718],[-140.686,-17.684],[-140.65,-17.67],[-140.638,-17.678],[-140.652,-17.683],[-140.776,-17.754],[-140.815,-17.804],[-140.833,-17.838],[-140.829,-17.849],[-140.809,-17.857]]],[[[-139.556,-8.94],[-139.621,-8.948],[-139.632,-8.899],[-139.612,-8.872],[-139.584,-8.86],[-139.535,-8.875],[-139.508,-8.897],[-139.51,-8.916],[-139.556,-8.94]]],[[[-140.685,-18.38],[-140.672,-18.416],[-140.696,-18.399],[-140.773,-18.364],[-140.782,-18.334],[-140.685,-18.38]]],[[[-140.83,-18.189],[-140.823,-18.217],[-140.86,-18.199],[-140.895,-18.148],[-140.959,-18.085],[-140.974,-18.059],[-140.925,-18.084],[-140.893,-18.121],[-140.83,-18.189]]],[[[-136.294,-18.544],[-136.314,-18.566],[-136.316,-18.545],[-136.344,-18.535],[-136.383,-18.514],[-136.436,-18.489],[-136.464,-18.485],[-136.479,-18.471],[-136.459,-18.463],[-136.426,-18.474],[-136.38,-18.497],[-136.328,-18.519],[-136.294,-18.544]]],[[[-136.972,-18.342],[-136.971,-18.361],[-137.068,-18.265],[-137.03,-18.273],[-136.972,-18.342]]],[[[-138.506,-20.857],[-138.535,-20.876],[-138.524,-20.851],[-138.546,-20.795],[-138.568,-20.787],[-138.546,-20.771],[-138.515,-20.813],[-138.506,-20.857]]],[[[-142.512,-16.096],[-142.53,-16.107],[-142.507,-16.028],[-142.481,-16.018],[-142.512,-16.096]]],[[[-143.441,-16.62],[-143.386,-16.669],[-143.459,-16.635],[-143.551,-16.621],[-143.516,-16.612],[-143.465,-16.614],[-143.441,-16.62]]],[[[-143.571,-16.635],[-143.611,-16.64],[-143.707,-16.581],[-143.67,-16.581],[-143.615,-16.618],[-143.571,-16.635]]],[[[-145.051,-15.856],[-145.058,-15.901],[-145.076,-15.858],[-145.138,-15.788],[-145.161,-15.757],[-145.134,-15.762],[-145.051,-15.856]]],[[[-145.487,-16.33],[-145.482,-16.347],[-145.503,-16.346],[-145.54,-16.295],[-145.553,-16.251],[-145.577,-16.201],[-145.609,-16.165],[-145.613,-16.132],[-145.614,-16.079],[-145.577,-16.16],[-145.542,-16.225],[-145.517,-16.278],[-145.487,-16.33]]]]}},{"type":"Feature","properties":{"kind":"other-land"},"geometry":{"type":"MultiPolygon","coordinates":[[[[164.202,-20.246],[164.315,-20.309],[164.436,-20.282],[164.588,-20.381],[164.976,-20.681],[165.112,-20.745],[165.192,-20.769],[165.252,-20.818],[165.307,-20.887],[165.381,-20.936],[165.413,-20.981],[165.421,-21.043],[165.447,-21.081],[165.582,-21.18],[165.663,-21.267],[165.775,-21.312],[165.823,-21.364],[165.885,-21.389],[165.95,-21.442],[166.058,-21.484],[166.303,-21.637],[166.493,-21.783],[166.588,-21.873],[166.69,-21.953],[166.82,-22.017],[166.942,-22.09],[167.004,-22.262],[166.97,-22.323],[166.9,-22.353],[166.835,-22.355],[166.774,-22.376],[166.571,-22.266],[166.522,-22.249],[166.468,-22.256],[166.438,-22.232],[166.416,-22.196],[166.292,-22.155],[166.177,-22.089],[166.143,-22.044],[166.124,-21.989],[166.096,-21.957],[165.933,-21.908],[165.823,-21.854],[165.744,-21.777],[165.62,-21.724],[165.428,-21.615],[165.329,-21.58],[165.242,-21.525],[165.01,-21.327],[164.927,-21.29],[164.855,-21.202],[164.656,-20.992],[164.559,-20.906],[164.455,-20.829],[164.375,-20.739],[164.313,-20.633],[164.17,-20.48],[164.152,-20.415],[164.158,-20.348],[164.124,-20.305],[164.065,-20.279],[164.037,-20.234],[164.041,-20.173],[164.06,-20.142],[164.202,-20.246]]],[[[167.544,-22.623],[167.513,-22.661],[167.473,-22.653],[167.444,-22.639],[167.422,-22.619],[167.443,-22.541],[167.529,-22.579],[167.544,-22.623]]],[[[159.952,-19.312],[159.936,-19.333],[159.928,-19.174],[159.96,-19.115],[159.975,-19.238],[159.952,-19.312]]],[[[168.011,-21.43],[168.058,-21.448],[168.139,-21.445],[168.121,-21.616],[168.006,-21.643],[167.967,-21.642],[167.941,-21.606],[167.876,-21.582],[167.879,-21.524],[167.815,-21.393],[167.926,-21.373],[167.988,-21.338],[167.985,-21.37],[167.995,-21.407],[168.011,-21.43]]],[[[166.547,-20.699],[166.494,-20.709],[166.558,-20.617],[166.56,-20.561],[166.585,-20.45],[166.583,-20.413],[166.625,-20.418],[166.671,-20.45],[166.618,-20.478],[166.6,-20.525],[166.602,-20.585],[166.623,-20.596],[166.589,-20.662],[166.547,-20.699]]],[[[167.401,-21.161],[167.346,-21.169],[167.273,-21.097],[167.134,-21.061],[167.073,-20.997],[167.033,-20.923],[167.112,-20.904],[167.189,-20.804],[167.136,-20.766],[167.045,-20.759],[167.056,-20.72],[167.204,-20.674],[167.269,-20.701],[167.298,-20.733],[167.293,-20.892],[167.361,-20.942],[167.431,-21.055],[167.43,-21.087],[167.401,-21.161]]]]}},{"type":"Feature","properties":{"kind":"other-land"},"geometry":{"type":"MultiPolygon","coordinates":[[[[69.185,-49.11],[69.265,-49.115],[69.314,-49.106],[69.535,-48.974],[69.593,-48.971],[69.587,-49.072],[69.644,-49.117],[69.572,-49.129],[69.436,-49.124],[69.405,-49.182],[69.542,-49.256],[69.611,-49.266],[69.667,-49.265],[69.771,-49.248],[69.854,-49.222],[69.984,-49.16],[70.061,-49.136],[70.208,-49.135],[70.285,-49.076],[70.32,-49.059],[70.406,-49.061],[70.484,-49.084],[70.531,-49.137],[70.555,-49.201],[70.537,-49.266],[70.485,-49.328],[70.39,-49.366],[70.411,-49.411],[70.386,-49.434],[70.338,-49.435],[70.298,-49.425],[70.238,-49.372],[70.166,-49.343],[69.993,-49.345],[69.916,-49.349],[69.902,-49.389],[69.861,-49.421],[69.818,-49.438],[69.76,-49.43],[69.749,-49.448],[69.78,-49.49],[69.856,-49.544],[69.986,-49.582],[70.063,-49.589],[70.073,-49.518],[70.166,-49.509],[70.248,-49.531],[70.307,-49.583],[70.259,-49.601],[70.216,-49.629],[70.207,-49.665],[70.124,-49.704],[70.075,-49.709],[69.919,-49.689],[69.826,-49.645],[69.804,-49.614],[69.747,-49.602],[69.682,-49.642],[69.613,-49.651],[69.478,-49.617],[69.353,-49.563],[69.275,-49.543],[69.153,-49.53],[69.086,-49.653],[68.993,-49.705],[68.873,-49.71],[68.815,-49.7],[68.783,-49.651],[68.791,-49.6],[68.811,-49.55],[68.848,-49.5],[68.872,-49.444],[68.862,-49.392],[68.818,-49.354],[68.841,-49.285],[68.799,-49.232],[68.814,-49.192],[68.883,-49.165],[68.854,-49.141],[68.817,-49.135],[68.79,-49.104],[68.77,-49.066],[68.797,-48.995],[68.837,-48.926],[68.832,-48.849],[68.9,-48.776],[68.959,-48.694],[69.002,-48.661],[69.057,-48.656],[69.081,-48.679],[69.093,-48.724],[69.072,-48.753],[69.123,-48.766],[69.136,-48.861],[69.104,-48.9],[69.099,-48.938],[69.033,-49.018],[69.052,-49.082],[69.185,-49.11]]],[[[69.282,-49.059],[69.221,-49.067],[69.202,-49.034],[69.204,-48.991],[69.17,-48.957],[69.15,-48.919],[69.167,-48.883],[69.266,-48.879],[69.369,-48.89],[69.395,-48.951],[69.321,-49.034],[69.282,-49.059]]],[[[51.835,-46.44],[51.762,-46.449],[51.697,-46.428],[51.659,-46.374],[51.742,-46.327],[51.784,-46.359],[51.815,-46.395],[51.835,-46.44]]]]}},{"type":"Feature","properties":{"kind":"other-land"},"geometry":{"type":"MultiPolygon","coordinates":[[[[19.99,60.351],[20.02,60.351],[20.034,60.359],[20.087,60.353],[20.168,60.315],[20.184,60.294],[20.24,60.283],[20.259,60.261],[20.195,60.194],[20.155,60.192],[20.125,60.201],[20.073,60.193],[20.043,60.181],[20.032,60.152],[20.034,60.094],[19.8,60.082],[19.746,60.099],[19.672,60.233],[19.687,60.268],[19.737,60.282],[19.779,60.286],[19.785,60.213],[19.848,60.221],[19.867,60.268],[19.872,60.302],[19.855,60.319],[19.812,60.332],[19.788,60.354],[19.823,60.39],[19.888,60.406],[19.945,60.358],[19.99,60.351]]],[[[19.662,60.187],[19.667,60.165],[19.629,60.17],[19.6,60.163],[19.58,60.135],[19.537,60.145],[19.519,60.185],[19.551,60.244],[19.629,60.246],[19.662,60.187]]],[[[20.611,60.041],[20.603,60.017],[20.522,60.012],[20.488,60.033],[20.411,60.03],[20.398,60.041],[20.43,60.062],[20.49,60.075],[20.569,60.07],[20.611,60.041]]]]}},{"type":"Feature","properties":{"kind":"other-land"},"geometry":{"type":"MultiPolygon","coordinates":[[[[-29.953,83.565],[-28.992,83.505],[-28.484,83.435],[-28.377,83.437],[-27.688,83.41],[-27.034,83.377],[-25.947,83.29],[-25.795,83.261],[-25.912,83.238],[-26.183,83.221],[-27.572,83.193],[-30.092,83.157],[-31.534,83.089],[-31.993,83.085],[-32.033,82.983],[-31.837,82.978],[-31.516,82.992],[-30.386,83.094],[-29.964,83.11],[-29.175,83.102],[-28.151,83.064],[-27.739,83.077],[-27.002,83.067],[-26.141,83.096],[-25.123,83.16],[-24.845,83.019],[-24.47,82.877],[-24.174,82.893],[-23.92,82.885],[-23.834,82.839],[-23.695,82.819],[-23.407,82.83],[-22.525,82.789],[-21.92,82.716],[-21.692,82.683],[-21.583,82.634],[-21.521,82.595],[-21.616,82.548],[-21.994,82.463],[-22.473,82.385],[-23.118,82.325],[-23.862,82.287],[-29.579,82.161],[-29.773,82.131],[-29.887,82.055],[-29.811,81.955],[-29.544,81.94],[-28.919,81.996],[-27.84,82.049],[-27.046,82.046],[-25.149,82.001],[-24.589,81.883],[-24.293,81.701],[-23.637,81.742],[-23.496,81.773],[-23.393,81.827],[-23.311,81.885],[-23.249,81.947],[-23.18,81.989],[-23.104,82.012],[-22.94,82.031],[-22.563,82.053],[-21.576,82.075],[-21.338,82.069],[-21.167,81.984],[-21.13,81.934],[-21.118,81.87],[-21.123,81.79],[-21.147,81.695],[-21.231,81.601],[-21.504,81.438],[-21.724,81.348],[-21.961,81.284],[-22.415,81.137],[-22.573,81.098],[-23.072,80.927],[-23.196,80.847],[-23.204,80.789],[-23.118,80.778],[-22.973,80.833],[-22.919,80.872],[-22.826,80.913],[-22.089,81.02],[-21.931,81.05],[-21.45,81.178],[-21.142,81.226],[-20.89,81.276],[-20.756,81.312],[-20.016,81.564],[-19.63,81.64],[-19.225,81.64],[-19.153,81.512],[-18.667,81.492],[-18.457,81.498],[-18.118,81.467],[-17.969,81.441],[-17.717,81.428],[-17.456,81.398],[-17.226,81.43],[-17.159,81.451],[-16.937,81.544],[-16.637,81.626],[-16.359,81.729],[-16.267,81.754],[-16.121,81.777],[-15.969,81.785],[-15.556,81.834],[-15.451,81.837],[-15.227,81.822],[-14.242,81.814],[-13.704,81.789],[-12.956,81.72],[-12.434,81.683],[-12.193,81.649],[-11.841,81.578],[-11.557,81.503],[-11.426,81.481],[-11.431,81.457],[-11.529,81.424],[-12.231,81.309],[-12.461,81.233],[-13.126,81.088],[-13.451,81.038],[-13.804,81.019],[-14.197,81.014],[-14.452,80.993],[-14.49,80.973],[-14.308,80.913],[-14.229,80.87],[-14.24,80.832],[-14.431,80.776],[-14.504,80.763],[-15.194,80.721],[-15.543,80.65],[-15.998,80.642],[-16.319,80.65],[-16.761,80.573],[-16.588,80.511],[-16.429,80.484],[-15.937,80.428],[-15.933,80.395],[-16.168,80.329],[-16.489,80.252],[-16.868,80.198],[-17.011,80.19],[-17.191,80.204],[-17.357,80.201],[-17.723,80.176],[-18.071,80.172],[-18.693,80.207],[-19.029,80.248],[-19.206,80.262],[-19.429,80.258],[-19.515,80.241],[-19.867,80.145],[-20.04,80.079],[-20.15,80.011],[-20.197,79.938],[-20.181,79.858],[-20.138,79.803],[-20.069,79.774],[-19.985,79.756],[-19.839,79.746],[-19.518,79.755],[-19.392,79.75],[-19.353,79.734],[-19.284,79.683],[-19.296,79.635],[-19.354,79.567],[-19.399,79.488],[-19.431,79.398],[-19.414,79.349],[-19.284,79.338],[-19.223,79.342],[-19.152,79.325],[-19.072,79.289],[-19.011,79.251],[-18.971,79.211],[-18.992,79.178],[-19.075,79.152],[-19.262,79.123],[-19.723,79.065],[-19.77,79.047],[-19.806,79.012],[-19.832,78.959],[-19.887,78.911],[-19.973,78.868],[-20.05,78.842],[-20.2,78.83],[-20.396,78.829],[-20.616,78.804],[-21.134,78.659],[-21.141,78.643],[-20.947,78.596],[-20.956,78.555],[-21.195,78.38],[-21.26,78.293],[-21.312,78.174],[-21.397,78.074],[-21.516,77.992],[-21.633,77.897],[-21.748,77.791],[-21.73,77.709],[-21.579,77.651],[-21.38,77.698],[-21.132,77.847],[-20.863,77.912],[-20.572,77.892],[-20.319,77.862],[-19.995,77.803],[-19.724,77.767],[-19.49,77.719],[-19.394,77.678],[-19.297,77.621],[-19.296,77.585],[-19.468,77.566],[-19.524,77.572],[-19.953,77.666],[-20.162,77.69],[-20.439,77.662],[-20.681,77.619],[-20.464,77.447],[-20.232,77.368],[-19.809,77.332],[-19.588,77.294],[-19.426,77.246],[-19.3,77.222],[-19.131,77.233],[-18.903,77.28],[-18.586,77.283],[-18.443,77.259],[-18.339,77.215],[-18.292,77.133],[-18.303,77.012],[-18.337,76.921],[-18.396,76.86],[-18.51,76.778],[-18.606,76.763],[-18.74,76.768],[-18.865,76.785],[-18.981,76.814],[-19.156,76.837],[-19.509,76.861],[-19.865,76.914],[-20.064,76.928],[-20.487,76.921],[-20.942,76.887],[-20.96,76.843],[-21.615,76.688],[-21.749,76.69],[-21.931,76.743],[-22.185,76.794],[-22.334,76.794],[-22.555,76.729],[-22.609,76.704],[-22.607,76.681],[-22.444,76.625],[-22.379,76.612],[-22.295,76.601],[-22.004,76.588],[-21.877,76.573],[-21.758,76.401],[-21.569,76.294],[-21.488,76.272],[-21.417,76.264],[-21.185,76.268],[-20.887,76.304],[-20.783,76.275],[-20.564,76.24],[-20.435,76.231],[-20.279,76.232],[-20.104,76.219],[-19.863,76.121],[-19.958,75.997],[-19.807,75.897],[-19.566,75.795],[-19.509,75.758],[-19.486,75.69],[-19.48,75.645],[-19.462,75.604],[-19.431,75.567],[-19.4,75.494],[-19.366,75.386],[-19.375,75.298],[-19.426,75.23],[-19.526,75.18],[-19.676,75.149],[-19.798,75.157],[-19.893,75.205],[-20.027,75.255],[-20.199,75.308],[-20.485,75.314],[-20.906,75.157],[-21.094,75.149],[-21.247,75.133],[-21.409,75.065],[-21.649,75.023],[-21.861,75.04],[-22.233,75.12],[-22.098,75.066],[-21.904,75.004],[-21.784,74.971],[-21.695,74.964],[-21.598,74.972],[-21.457,74.998],[-21.141,75.069],[-21.057,75.079],[-20.986,75.074],[-20.928,75.053],[-20.861,74.993],[-20.786,74.892],[-20.795,74.806],[-20.89,74.735],[-20.971,74.69],[-21.038,74.67],[-21.038,74.654],[-20.862,74.636],[-20.611,74.728],[-20.532,74.843],[-20.417,74.975],[-20.214,75.019],[-19.985,74.975],[-19.8,74.852],[-19.538,74.625],[-19.427,74.601],[-19.287,74.546],[-19.225,74.479],[-19.242,74.4],[-19.272,74.343],[-19.315,74.307],[-19.369,74.284],[-19.467,74.269],[-19.646,74.258],[-20.048,74.282],[-20.256,74.283],[-20.231,74.205],[-20.653,74.137],[-21.129,74.111],[-21.581,74.163],[-21.955,74.244],[-21.832,74.357],[-21.762,74.483],[-21.943,74.566],[-21.983,74.567],[-21.92,74.439],[-21.973,74.39],[-22.177,74.33],[-22.322,74.303],[-22.334,74.286],[-22.264,74.272],[-22.217,74.246],[-22.196,74.206],[-22.22,74.166],[-22.291,74.125],[-22.329,74.091],[-22.335,74.063],[-22.271,74.03],[-22.135,73.99],[-21.988,73.971],[-21.298,73.962],[-21.022,73.941],[-20.367,73.848],[-20.338,73.82],[-20.449,73.653],[-20.51,73.493],[-20.637,73.464],[-21.326,73.457],[-21.548,73.432],[-21.873,73.358],[-22.185,73.27],[-22.347,73.269],[-22.987,73.346],[-23.233,73.398],[-23.761,73.543],[-24.158,73.764],[-24.34,73.672],[-24.451,73.629],[-24.566,73.606],[-24.677,73.602],[-24.784,73.618],[-24.905,73.653],[-25.109,73.734],[-25.351,73.814],[-25.521,73.852],[-25.528,73.841],[-25.427,73.794],[-25.281,73.74],[-24.909,73.58],[-24.778,73.54],[-24.791,73.511],[-25.026,73.486],[-25.311,73.431],[-25.45,73.391],[-25.665,73.293],[-25.74,73.278],[-26.062,73.253],[-26.169,73.259],[-26.407,73.313],[-26.765,73.348],[-26.977,73.38],[-27.27,73.436],[-27.169,73.374],[-26.604,73.279],[-26.542,73.249],[-26.658,73.192],[-26.729,73.171],[-26.863,73.167],[-27.062,73.179],[-27.265,73.176],[-27.472,73.16],[-27.562,73.138],[-27.533,73.113],[-27.483,73.089],[-27.413,73.068],[-27.348,73.068],[-27.19,73.132],[-27.07,73.137],[-26.753,73.121],[-26.433,73.171],[-26.202,73.193],[-26.029,73.199],[-25.399,73.276],[-25.268,73.362],[-25.057,73.396],[-24.587,73.423],[-24.133,73.409],[-23.899,73.398],[-23.71,73.317],[-23.456,73.259],[-23.244,73.193],[-22.996,73.172],[-22.852,73.084],[-22.45,72.986],[-22.194,72.965],[-22.036,72.918],[-22.023,72.721],[-22.007,72.635],[-22.075,72.399],[-22.28,72.345],[-22.239,72.22],[-22.293,72.12],[-22.498,72.158],[-22.707,72.224],[-23.208,72.327],[-23.674,72.393],[-23.856,72.452],[-24.069,72.499],[-24.359,72.687],[-24.547,72.922],[-24.63,73.038],[-24.789,73.044],[-24.992,73.013],[-25.171,72.98],[-25.256,72.924],[-25.861,72.847],[-26.08,72.794],[-26.206,72.796],[-26.658,72.716],[-26.477,72.678],[-26.392,72.673],[-26.209,72.694],[-26.1,72.722],[-25.688,72.797],[-25.357,72.81],[-25.237,72.843],[-24.985,72.889],[-24.813,72.902],[-24.789,72.89],[-24.771,72.869],[-24.65,72.583],[-24.701,72.506],[-24.837,72.473],[-25.128,72.419],[-25.204,72.393],[-25.118,72.347],[-24.844,72.39],[-24.667,72.437],[-24.572,72.42],[-24.417,72.348],[-24.242,72.311],[-23.798,72.201],[-23.587,72.14],[-23.291,72.081],[-22.956,71.999],[-22.869,71.971],[-22.562,71.928],[-22.497,71.914],[-22.37,71.77],[-22.265,71.754],[-21.96,71.745],[-22.013,71.689],[-22.311,71.565],[-22.465,71.525],[-22.503,71.5],[-22.489,71.457],[-22.48,71.383],[-22.418,71.249],[-22.348,71.373],[-22.299,71.432],[-22.234,71.45],[-22.17,71.453],[-21.961,71.508],[-21.752,71.478],[-21.698,71.337],[-21.671,71.206],[-21.69,71.092],[-21.667,70.916],[-21.675,70.856],[-21.625,70.805],[-21.574,70.59],[-21.523,70.526],[-21.626,70.469],[-21.944,70.443],[-22.069,70.472],[-22.384,70.462],[-22.385,70.513],[-22.4,70.571],[-22.401,70.612],[-22.422,70.649],[-22.437,70.86],[-22.526,70.808],[-22.531,70.765],[-22.555,70.721],[-22.61,70.493],[-22.691,70.437],[-22.943,70.451],[-23.191,70.442],[-23.328,70.451],[-23.792,70.555],[-23.971,70.649],[-24.13,70.791],[-24.229,70.923],[-24.266,71.046],[-24.377,71.146],[-24.562,71.224],[-24.781,71.286],[-25.033,71.334],[-25.255,71.396],[-25.446,71.471],[-25.656,71.53],[-25.885,71.572],[-26.211,71.59],[-26.689,71.583],[-27.011,71.631],[-27.087,71.627],[-27.162,71.602],[-27.107,71.533],[-26.737,71.501],[-26.452,71.494],[-26.074,71.498],[-25.843,71.48],[-25.758,71.44],[-25.699,71.368],[-25.668,71.265],[-25.742,71.184],[-26.014,71.093],[-26.158,71.05],[-26.576,70.969],[-26.718,70.95],[-27.067,70.945],[-27.336,70.953],[-27.689,70.993],[-27.889,71.002],[-28.303,71.007],[-28.398,70.993],[-28.292,70.949],[-28.116,70.925],[-27.992,70.895],[-27.979,70.84],[-28.024,70.757],[-28.07,70.699],[-28.146,70.656],[-28.417,70.574],[-28.53,70.548],[-29.037,70.462],[-29.072,70.445],[-28.953,70.447],[-28.633,70.478],[-28.541,70.477],[-28.015,70.402],[-27.596,70.407],[-26.747,70.476],[-26.677,70.474],[-26.622,70.463],[-26.565,70.438],[-26.508,70.397],[-26.577,70.357],[-26.771,70.319],[-27.073,70.281],[-27.203,70.256],[-27.328,70.217],[-27.561,70.124],[-27.629,70.028],[-27.384,69.992],[-27.274,70.038],[-27.144,70.141],[-27.028,70.201],[-26.752,70.242],[-26.416,70.221],[-26.156,70.246],[-25.625,70.347],[-25.53,70.353],[-24.749,70.295],[-24.041,70.181],[-23.667,70.139],[-23.173,70.115],[-22.284,70.126],[-22.207,70.108],[-22.235,70.068],[-22.287,70.033],[-22.435,69.986],[-22.615,69.954],[-22.726,69.945],[-22.821,69.923],[-23.034,69.901],[-23.088,69.883],[-23.015,69.805],[-23.05,69.793],[-23.237,69.791],[-23.553,69.741],[-23.812,69.744],[-23.866,69.737],[-23.817,69.718],[-23.764,69.681],[-23.709,69.627],[-23.739,69.589],[-23.856,69.566],[-23.944,69.558],[-24.248,69.59],[-24.297,69.586],[-24.252,69.562],[-24.227,69.527],[-24.221,69.479],[-24.296,69.439],[-24.451,69.407],[-24.741,69.318],[-24.867,69.293],[-25.133,69.272],[-25.189,69.261],[-25.08,69.192],[-25.092,69.165],[-25.272,69.092],[-25.544,69.046],[-25.581,69.021],[-25.606,68.954],[-25.626,68.928],[-25.698,68.89],[-25.956,68.817],[-26.139,68.781],[-26.229,68.752],[-26.341,68.702],[-26.483,68.676],[-26.654,68.673],[-26.815,68.654],[-27.081,68.602],[-27.266,68.584],[-27.851,68.494],[-28.126,68.479],[-28.365,68.447],[-28.854,68.36],[-29.088,68.332],[-29.25,68.299],[-29.426,68.289],[-29.714,68.311],[-29.869,68.312],[-29.964,68.299],[-30.051,68.272],[-30.196,68.199],[-30.318,68.193],[-30.72,68.251],[-30.712,68.225],[-30.606,68.162],[-30.611,68.118],[-30.85,68.073],[-30.979,68.061],[-31.168,68.08],[-31.419,68.128],[-31.742,68.23],[-32.137,68.385],[-32.327,68.437],[-32.314,68.388],[-32.27,68.339],[-32.195,68.292],[-32.18,68.257],[-32.224,68.236],[-32.282,68.225],[-32.355,68.225],[-32.367,68.213],[-32.249,68.139],[-32.156,68.063],[-32.165,67.991],[-32.275,67.923],[-32.37,67.883],[-32.449,67.871],[-32.918,67.701],[-33.049,67.679],[-33.108,67.658],[-33.157,67.627],[-33.294,67.486],[-33.349,67.443],[-33.458,67.387],[-33.504,67.377],[-33.518,67.354],[-33.498,67.318],[-33.528,67.258],[-33.608,67.174],[-33.881,66.942],[-34.102,66.726],[-34.198,66.655],[-34.269,66.625],[-34.314,66.636],[-34.423,66.63],[-34.476,66.592],[-34.524,66.523],[-34.576,66.471],[-34.633,66.435],[-35.075,66.279],[-35.189,66.25],[-35.291,66.269],[-35.412,66.262],[-35.662,66.344],[-35.705,66.374],[-35.867,66.441],[-35.862,66.406],[-35.835,66.387],[-35.812,66.358],[-35.756,66.324],[-35.63,66.14],[-35.729,66.102],[-35.818,66.059],[-36.044,65.987],[-36.289,65.865],[-36.379,65.831],[-36.399,65.93],[-36.389,65.96],[-36.527,66.008],[-36.523,65.973],[-36.537,65.941],[-36.637,65.812],[-36.665,65.79],[-36.715,65.795],[-36.822,65.771],[-36.932,65.783],[-37.026,65.841],[-37.063,65.871],[-37.233,65.788],[-37.316,65.79],[-37.33,65.72],[-37.41,65.656],[-37.516,65.629],[-37.664,65.631],[-37.754,65.593],[-37.955,65.634],[-38.001,65.71],[-37.842,65.814],[-37.797,65.857],[-37.827,65.91],[-37.788,65.978],[-37.484,66.195],[-37.279,66.304],[-37.291,66.324],[-37.57,66.348],[-37.814,66.385],[-38.052,66.398],[-38.157,66.386],[-37.989,66.323],[-37.752,66.262],[-37.869,66.203],[-37.969,66.141],[-38.073,65.973],[-38.14,65.904],[-38.398,65.983],[-38.52,66.01],[-38.443,65.922],[-38.216,65.838],[-38.202,65.811],[-38.203,65.712],[-38.637,65.624],[-39.089,65.611],[-39.413,65.586],[-39.961,65.556],[-40.174,65.556],[-40.192,65.523],[-39.656,65.369],[-39.578,65.341],[-39.653,65.288],[-39.763,65.255],[-39.937,65.142],[-40.028,65.103],[-40.253,65.049],[-40.668,65.109],[-40.881,65.082],[-41.084,65.101],[-41.089,65.035],[-41.028,64.988],[-40.966,64.869],[-40.829,64.878],[-40.655,64.915],[-40.521,64.825],[-40.433,64.673],[-40.278,64.596],[-40.21,64.536],[-40.182,64.48],[-40.278,64.424],[-40.478,64.344],[-40.699,64.33],[-40.686,64.267],[-40.782,64.222],[-40.985,64.235],[-41.079,64.267],[-41.178,64.281],[-41.581,64.298],[-41.175,64.177],[-41.031,64.121],[-40.966,64.154],[-40.826,64.163],[-40.618,64.132],[-40.652,63.928],[-40.561,63.762],[-40.55,63.725],[-40.772,63.626],[-40.775,63.534],[-40.907,63.508],[-41.049,63.514],[-41.056,63.412],[-41.152,63.349],[-41.135,63.309],[-41.108,63.274],[-41.195,63.209],[-41.275,63.131],[-41.388,63.062],[-41.448,63.069],[-41.628,63.065],[-41.844,63.07],[-42.02,63.16],[-42.092,63.189],[-42.175,63.209],[-42.143,63.151],[-42.094,63.117],[-41.932,63.052],[-41.634,62.972],[-41.644,62.916],[-41.723,62.891],[-41.909,62.737],[-41.975,62.734],[-42.058,62.694],[-42.316,62.707],[-42.424,62.723],[-42.741,62.713],[-42.849,62.727],[-42.942,62.72],[-42.855,62.677],[-42.674,62.638],[-42.467,62.598],[-42.153,62.568],[-42.164,62.512],[-42.243,62.466],[-42.198,62.397],[-42.233,62.348],[-42.248,62.289],[-42.321,62.153],[-42.236,62.059],[-42.143,62.014],[-42.154,61.953],[-42.11,61.857],[-42.25,61.771],[-42.365,61.775],[-42.53,61.755],[-42.585,61.717],[-42.324,61.682],[-42.347,61.617],[-42.419,61.537],[-42.494,61.363],[-42.646,61.064],[-42.717,60.767],[-43.044,60.524],[-43.16,60.517],[-43.189,60.507],[-43.348,60.52],[-43.598,60.576],[-43.792,60.595],[-43.923,60.595],[-43.94,60.567],[-43.831,60.522],[-43.665,60.503],[-43.533,60.473],[-43.296,60.445],[-43.213,60.391],[-43.156,60.333],[-43.165,60.301],[-43.165,60.263],[-43.123,60.061],[-43.235,59.991],[-43.32,59.928],[-43.617,59.937],[-43.669,59.959],[-43.955,60.025],[-43.937,59.994],[-43.73,59.904],[-43.658,59.859],[-43.706,59.849],[-43.79,59.846],[-43.907,59.815],[-44.117,59.832],[-44.105,59.878],[-44.065,59.925],[-44.162,59.917],[-44.269,59.893],[-44.331,59.902],[-44.384,59.899],[-44.413,59.923],[-44.453,60.015],[-44.405,60.061],[-44.231,60.18],[-44.176,60.244],[-44.224,60.274],[-44.348,60.205],[-44.476,60.096],[-44.533,60.029],[-44.613,60.017],[-44.812,60.05],[-45.379,60.203],[-45.362,60.296],[-45.368,60.373],[-45.202,60.383],[-45.082,60.416],[-44.975,60.457],[-44.854,60.532],[-44.742,60.655],[-44.757,60.665],[-45.083,60.507],[-45.283,60.455],[-45.381,60.445],[-45.429,60.468],[-45.59,60.519],[-45.695,60.542],[-45.934,60.579],[-45.977,60.6],[-46.047,60.616],[-46.142,60.777],[-46.019,60.972],[-45.934,61.028],[-45.88,61.094],[-45.849,61.181],[-45.87,61.218],[-45.942,61.206],[-45.976,61.176],[-45.97,61.129],[-46.012,61.097],[-46.297,61.022],[-46.582,60.962],[-46.718,60.905],[-46.806,60.86],[-46.874,60.816],[-46.98,60.82],[-47.125,60.811],[-47.224,60.783],[-47.37,60.8],[-47.465,60.843],[-47.579,60.847],[-47.707,60.827],[-47.796,60.829],[-47.789,60.8],[-47.73,60.729],[-47.828,60.725],[-48.014,60.722],[-48.108,60.742],[-48.181,60.769],[-48.242,60.807],[-48.205,60.856],[-47.906,60.946],[-47.77,60.998],[-47.859,61.016],[-48.146,60.999],[-48.194,61.013],[-48.386,61.005],[-48.378,61.138],[-48.425,61.172],[-48.428,61.187],[-48.495,61.225],[-48.558,61.234],[-48.597,61.247],[-48.922,61.277],[-48.965,61.352],[-48.987,61.429],[-49.049,61.524],[-49.205,61.549],[-49.289,61.59],[-49.222,61.632],[-49.193,61.686],[-49.265,61.71],[-49.311,61.748],[-49.304,61.772],[-49.363,61.839],[-49.38,61.89],[-49.313,61.939],[-49.13,61.993],[-49.071,62.015],[-49.04,62.039],[-48.829,62.08],[-49.008,62.108],[-49.12,62.113],[-49.202,62.099],[-49.278,62.046],[-49.349,62.01],[-49.624,61.999],[-49.664,62.017],[-49.683,62.093],[-49.668,62.151],[-49.553,62.233],[-49.685,62.273],[-49.806,62.287],[-49.943,62.324],[-50.07,62.365],[-50.179,62.411],[-50.285,62.466],[-50.319,62.473],[-50.281,62.531],[-50.259,62.578],[-50.256,62.68],[-50.299,62.722],[-50.204,62.809],[-50.076,62.904],[-49.793,63.045],[-50.092,62.977],[-50.338,62.829],[-50.39,62.822],[-50.408,62.849],[-50.502,62.945],[-50.572,62.971],[-50.604,63],[-50.744,63.051],[-50.804,63.091],[-50.89,63.167],[-51.013,63.258],[-51.188,63.436],[-51.469,63.642],[-51.538,63.758],[-51.451,63.905],[-51.548,64.006],[-51.28,64.053],[-50.898,64.106],[-50.699,64.149],[-50.585,64.162],[-50.342,64.17],[-50.261,64.214],[-50.396,64.203],[-50.487,64.209],[-50.492,64.229],[-50.459,64.266],[-50.437,64.313],[-50.483,64.304],[-50.721,64.223],[-51.072,64.159],[-51.347,64.123],[-51.391,64.125],[-51.487,64.103],[-51.542,64.097],[-51.585,64.103],[-51.682,64.165],[-51.708,64.205],[-51.534,64.314],[-51.404,64.463],[-51.232,64.561],[-51.11,64.573],[-50.907,64.568],[-50.835,64.559],[-50.858,64.617],[-50.849,64.645],[-50.684,64.678],[-50.492,64.693],[-50.355,64.683],[-50.269,64.615],[-50.158,64.49],[-50.009,64.447],[-50.016,64.507],[-50.093,64.585],[-50.122,64.704],[-50.22,64.754],[-50.299,64.779],[-50.517,64.767],[-50.648,64.853],[-50.678,64.885],[-50.681,64.928],[-50.812,65.052],[-50.854,65.114],[-50.924,65.197],[-50.961,65.201],[-50.914,65.097],[-50.852,65.024],[-50.765,64.863],[-50.722,64.798],[-50.78,64.746],[-50.891,64.695],[-50.989,64.665],[-51.221,64.628],[-51.171,64.708],[-51.139,64.786],[-51.255,64.758],[-51.364,64.702],[-51.401,64.623],[-51.47,64.552],[-51.677,64.377],[-51.758,64.28],[-51.835,64.232],[-51.923,64.219],[-51.999,64.257],[-52.063,64.346],[-52.093,64.416],[-52.097,64.597],[-52.089,64.682],[-52.124,64.795],[-52.235,65.061],[-52.259,65.155],[-52.448,65.205],[-52.45,65.221],[-52.5,65.275],[-52.538,65.329],[-52.506,65.348],[-52.461,65.363],[-52.18,65.442],[-51.971,65.531],[-51.721,65.67],[-51.619,65.713],[-51.253,65.746],[-51.09,65.751],[-51.092,65.776],[-51.146,65.786],[-51.394,65.779],[-51.723,65.723],[-51.78,65.703],[-51.924,65.617],[-52.035,65.569],[-52.348,65.461],[-52.551,65.461],[-52.761,65.591],[-52.995,65.566],[-53.153,65.575],[-53.199,65.594],[-53.234,65.771],[-53.106,65.977],[-53.244,65.979],[-53.272,65.987],[-53.345,66.034],[-53.392,66.048],[-53.357,66.073],[-53.018,66.171],[-52.511,66.362],[-52.293,66.438],[-52.158,66.47],[-52.056,66.507],[-51.932,66.588],[-51.891,66.623],[-51.822,66.652],[-51.676,66.684],[-51.517,66.732],[-51.259,66.841],[-51.225,66.882],[-51.281,66.891],[-51.402,66.854],[-51.648,66.754],[-51.823,66.698],[-52.421,66.447],[-52.676,66.355],[-52.814,66.297],[-52.922,66.241],[-53.036,66.201],[-53.156,66.178],[-53.413,66.16],[-53.539,66.139],[-53.615,66.154],[-53.648,66.274],[-53.623,66.344],[-53.635,66.414],[-53.571,66.513],[-53.476,66.584],[-53.436,66.622],[-53.419,66.649],[-53.223,66.721],[-53.115,66.754],[-53.038,66.827],[-52.603,66.853],[-52.491,66.85],[-52.431,66.86],[-52.387,66.881],[-52.43,66.898],[-52.56,66.909],[-52.907,66.907],[-53.227,66.919],[-53.373,66.932],[-53.444,66.925],[-53.56,66.946],[-53.687,66.986],[-53.884,67.136],[-53.805,67.327],[-53.799,67.418],[-53.548,67.498],[-53.414,67.525],[-53.224,67.585],[-52.97,67.687],[-52.666,67.75],[-52.512,67.761],[-52.384,67.752],[-51.909,67.664],[-51.665,67.646],[-51.451,67.668],[-51.181,67.637],[-50.705,67.509],[-50.613,67.528],[-50.64,67.559],[-51.171,67.694],[-51.168,67.734],[-51.032,67.744],[-50.887,67.784],[-50.969,67.807],[-51.321,67.787],[-51.423,67.754],[-51.765,67.738],[-51.944,67.765],[-52.104,67.779],[-52.345,67.837],[-52.546,67.818],[-52.673,67.795],[-52.898,67.773],[-52.98,67.758],[-53.419,67.575],[-53.604,67.536],[-53.735,67.549],[-53.643,67.668],[-53.616,67.715],[-53.616,67.767],[-53.578,67.837],[-53.353,67.971],[-53.211,68.117],[-53.152,68.208],[-53.041,68.218],[-52.89,68.205],[-52.436,68.146],[-52.058,68.075],[-51.78,68.057],[-51.597,68.055],[-51.518,68.077],[-51.456,68.116],[-51.433,68.143],[-51.415,68.198],[-51.394,68.218],[-51.333,68.242],[-51.207,68.326],[-51.169,68.385],[-51.21,68.42],[-51.293,68.416],[-51.456,68.394],[-51.478,68.384],[-51.475,68.365],[-51.632,68.273],[-51.804,68.252],[-52.199,68.221],[-52.379,68.219],[-52.698,68.262],[-52.747,68.278],[-52.78,68.31],[-53.173,68.303],[-53.29,68.293],[-53.383,68.297],[-53.337,68.352],[-53.213,68.413],[-53.039,68.611],[-52.894,68.662],[-52.605,68.709],[-52.303,68.701],[-51.781,68.548],[-51.623,68.535],[-51.479,68.547],[-51.133,68.598],[-51.07,68.619],[-50.946,68.683],[-50.801,68.791],[-50.808,68.817],[-51.03,68.756],[-51.149,68.74],[-51.249,68.74],[-51.156,68.938],[-51.12,69.091],[-51.085,69.128],[-50.792,69.117],[-50.393,69.137],[-50.297,69.171],[-50.299,69.185],[-50.459,69.206],[-50.537,69.248],[-50.671,69.234],[-50.851,69.206],[-51.077,69.209],[-51.058,69.275],[-50.892,69.412],[-50.875,69.474],[-50.811,69.599],[-50.804,69.663],[-50.72,69.725],[-50.459,69.77],[-50.349,69.796],[-50.343,69.825],[-50.5,69.936],[-50.46,69.966],[-50.337,69.994],[-50.292,70.014],[-50.323,70.027],[-50.436,70.039],[-50.61,70.015],[-50.802,70.003],[-50.973,70.04],[-51.106,70.057],[-51.19,70.052],[-51.419,69.989],[-51.499,69.987],[-51.598,70.005],[-52.255,70.059],[-52.336,70.078],[-52.571,70.172],[-52.765,70.234],[-53.023,70.302],[-53.358,70.353],[-53.769,70.389],[-54.014,70.422],[-54.136,70.468],[-54.343,70.571],[-54.501,70.657],[-54.531,70.699],[-54.438,70.752],[-54.344,70.789],[-54.166,70.82],[-53.859,70.81],[-53.694,70.796],[-53.513,70.767],[-53.376,70.761],[-53.091,70.769],[-52.802,70.751],[-52.63,70.73],[-52.405,70.687],[-51.784,70.503],[-51.524,70.439],[-51.412,70.432],[-50.947,70.364],[-50.872,70.365],[-50.682,70.397],[-50.663,70.418],[-50.728,70.438],[-50.933,70.454],[-51.173,70.529],[-51.323,70.589],[-51.34,70.688],[-51.32,70.743],[-51.283,70.768],[-51.257,70.853],[-51.396,70.903],[-51.494,70.919],[-51.753,70.992],[-51.774,71.01],[-51.65,71.019],[-51.528,71.014],[-51.267,70.977],[-51.13,70.972],[-51.03,70.986],[-51.019,71.001],[-51.178,71.043],[-51.377,71.119],[-51.792,71.13],[-52.061,71.122],[-52.234,71.148],[-52.417,71.19],[-52.535,71.2],[-52.775,71.174],[-52.897,71.171],[-53.008,71.18],[-53.117,71.313],[-53.088,71.353],[-53.002,71.37],[-52.937,71.413],[-52.892,71.458],[-52.749,71.502],[-51.967,71.599],[-51.77,71.672],[-51.779,71.683],[-51.912,71.669],[-52.082,71.637],[-52.196,71.63],[-52.656,71.672],[-52.728,71.663],[-52.915,71.602],[-53.168,71.536],[-53.284,71.54],[-53.44,71.579],[-53.465,71.607],[-53.476,71.64],[-53.305,71.686],[-53.25,71.71],[-53.139,71.775],[-53.145,71.807],[-53.334,71.79],[-53.358,71.82],[-53.355,71.871],[-53.374,71.936],[-53.42,72],[-53.575,72.098],[-53.64,72.123],[-53.693,72.16],[-53.81,72.293],[-53.776,72.326],[-53.672,72.351],[-53.652,72.363],[-53.901,72.342],[-53.928,72.319],[-53.881,72.285],[-53.847,72.24],[-53.828,72.183],[-53.793,72.134],[-53.703,72.08],[-53.631,72.052],[-53.514,71.976],[-53.462,71.894],[-53.478,71.85],[-53.569,71.806],[-53.715,71.758],[-53.76,71.718],[-53.78,71.679],[-53.894,71.642],[-53.964,71.656],[-54.02,71.658],[-53.954,71.593],[-53.912,71.526],[-53.963,71.459],[-54.099,71.419],[-54.173,71.417],[-54.318,71.384],[-54.689,71.367],[-54.818,71.375],[-55.055,71.409],[-55.336,71.427],[-55.448,71.472],[-55.594,71.554],[-55.668,71.627],[-55.669,71.692],[-55.63,71.739],[-55.549,71.768],[-55.452,71.958],[-55.316,72.111],[-54.971,72.268],[-54.873,72.325],[-54.84,72.356],[-54.841,72.379],[-54.896,72.394],[-55.32,72.2],[-55.581,72.179],[-55.659,72.223],[-55.636,72.3],[-55.589,72.319],[-55.378,72.311],[-55.296,72.354],[-55.428,72.42],[-55.569,72.437],[-55.602,72.453],[-55.457,72.503],[-55.122,72.5],[-55.046,72.534],[-54.925,72.572],[-54.79,72.642],[-54.74,72.7],[-54.729,72.75],[-54.758,72.791],[-54.761,72.832],[-54.738,72.873],[-54.773,72.918],[-54.866,72.967],[-55.073,73.015],[-55.134,72.961],[-55.198,72.938],[-55.289,72.933],[-55.372,72.956],[-55.46,72.964],[-55.545,72.985],[-55.634,72.991],[-55.669,73.008],[-55.691,73.054],[-55.693,73.113],[-55.592,73.14],[-55.452,73.162],[-55.359,73.203],[-55.297,73.262],[-55.288,73.327],[-55.332,73.397],[-55.446,73.46],[-55.656,73.399],[-55.739,73.384],[-55.758,73.428],[-55.787,73.46],[-55.876,73.505],[-55.992,73.537],[-56.104,73.558],[-56.109,73.591],[-56.083,73.627],[-56.033,73.67],[-55.968,73.76],[-55.897,73.752],[-55.838,73.76],[-55.872,73.833],[-55.929,73.895],[-55.997,73.931],[-55.999,73.946],[-56.014,73.964],[-56.066,74.007],[-56.124,74.039],[-56.225,74.129],[-56.298,74.163],[-56.392,74.181],[-56.493,74.182],[-56.655,74.159],[-56.954,74.131],[-57.191,74.118],[-57.231,74.125],[-57.112,74.159],[-56.937,74.195],[-56.706,74.219],[-56.639,74.278],[-56.664,74.33],[-56.654,74.378],[-56.718,74.429],[-56.656,74.458],[-56.446,74.486],[-56.35,74.49],[-56.255,74.527],[-56.522,74.614],[-56.801,74.672],[-56.871,74.695],[-56.933,74.733],[-56.986,74.787],[-57.072,74.84],[-57.191,74.894],[-57.365,74.945],[-57.813,75.04],[-57.967,75.105],[-58.109,75.205],[-58.18,75.247],[-58.253,75.279],[-58.566,75.353],[-58.603,75.385],[-58.281,75.472],[-58.25,75.507],[-58.381,75.612],[-58.516,75.689],[-58.663,75.716],[-58.881,75.73],[-59.082,75.765],[-59.264,75.819],[-59.445,75.859],[-59.717,75.896],[-60.173,75.993],[-60.875,76.097],[-61.188,76.158],[-61.375,76.18],[-61.621,76.186],[-62.097,76.242],[-62.496,76.26],[-62.743,76.252],[-62.823,76.262],[-63.006,76.319],[-63.291,76.352],[-63.439,76.339],[-63.622,76.278],[-63.843,76.217],[-63.96,76.209],[-64.135,76.265],[-64.223,76.303],[-64.307,76.317],[-64.387,76.304],[-64.543,76.253],[-64.692,76.216],[-64.912,76.173],[-65.088,76.152],[-65.313,76.146],[-65.37,76.131],[-65.457,76.13],[-65.574,76.144],[-65.683,76.173],[-65.785,76.215],[-65.876,76.238],[-65.954,76.242],[-66.134,76.22],[-66.362,76.155],[-66.466,76.139],[-66.553,76.146],[-66.66,76.166],[-66.874,76.218],[-66.993,76.213],[-67.079,76.195],[-67.055,76.152],[-66.854,76.05],[-66.675,75.977],[-66.826,75.969],[-68.149,76.067],[-68.317,76.091],[-68.561,76.15],[-68.763,76.187],[-69.108,76.281],[-69.373,76.332],[-69.461,76.372],[-69.484,76.399],[-69.4,76.436],[-68.865,76.561],[-68.661,76.587],[-68.245,76.617],[-68.147,76.636],[-68.114,76.651],[-68.223,76.678],[-68.767,76.668],[-69.252,76.686],[-69.674,76.736],[-69.747,76.752],[-69.819,76.783],[-69.888,76.827],[-69.872,76.877],[-69.771,76.931],[-69.712,76.969],[-69.694,76.989],[-70.224,76.855],[-70.441,76.807],[-70.613,76.822],[-70.734,76.844],[-70.793,76.869],[-70.791,76.896],[-70.771,76.917],[-70.735,76.929],[-71.015,76.985],[-71.141,77.029],[-71.155,77.074],[-71.055,77.121],[-70.958,77.154],[-70.863,77.175],[-70.604,77.194],[-69.657,77.229],[-68.978,77.195],[-68.747,77.307],[-68.592,77.343],[-68.136,77.38],[-67.434,77.385],[-66.938,77.364],[-66.706,77.338],[-66.389,77.28],[-66.371,77.298],[-66.448,77.35],[-66.453,77.393],[-66.325,77.468],[-66.266,77.515],[-66.306,77.565],[-66.445,77.616],[-66.691,77.681],[-66.824,77.687],[-66.971,77.671],[-67.147,77.635],[-67.515,77.543],[-67.688,77.524],[-67.977,77.519],[-68.137,77.53],[-68.292,77.544],[-68.533,77.593],[-68.622,77.602],[-68.728,77.581],[-68.854,77.529],[-68.975,77.493],[-69.091,77.472],[-69.2,77.463],[-69.351,77.467],[-69.977,77.548],[-70.118,77.583],[-70.126,77.638],[-70.318,77.69],[-70.535,77.7],[-70.562,77.717],[-70.287,77.798],[-70.081,77.831],[-70.114,77.841],[-70.412,77.843],[-70.614,77.8],[-70.729,77.793],[-70.994,77.792],[-71.272,77.813],[-71.39,77.832],[-71.512,77.875],[-71.65,77.9],[-72.065,77.937],[-72.159,77.957],[-72.247,77.99],[-72.586,78.085],[-72.792,78.155],[-72.818,78.194],[-72.581,78.279],[-72.571,78.299],[-72.672,78.335],[-72.715,78.362],[-72.68,78.4],[-72.473,78.482],[-72.396,78.504],[-72.024,78.553],[-71.651,78.623],[-71.516,78.639],[-71.395,78.643],[-70.906,78.638],[-70.754,78.656],[-70.625,78.69],[-70.414,78.725],[-69.974,78.778],[-68.993,78.857],[-68.93,78.867],[-68.924,78.882],[-69.012,78.923],[-69.031,78.943],[-68.83,78.98],[-68.377,79.038],[-68.068,79.066],[-67.868,79.068],[-67.708,79.08],[-67.482,79.117],[-67.355,79.123],[-66.584,79.138],[-66.243,79.118],[-66.075,79.118],[-65.968,79.132],[-65.826,79.174],[-65.56,79.276],[-65.42,79.34],[-65.288,79.437],[-65.117,79.589],[-64.989,79.737],[-64.905,79.881],[-64.839,79.969],[-64.792,80.001],[-64.632,80.041],[-64.466,80.072],[-64.179,80.099],[-64.205,80.112],[-64.327,80.134],[-64.44,80.142],[-64.545,80.137],[-64.735,80.104],[-64.982,80.082],[-65.222,80.086],[-65.395,80.078],[-65.553,80.048],[-65.81,80.024],[-65.982,80.029],[-66.292,80.072],[-66.448,80.08],[-66.844,80.076],[-66.959,80.092],[-67.061,80.123],[-67.141,80.166],[-67.201,80.222],[-67.193,80.28],[-67.051,80.385],[-66.996,80.413],[-66.61,80.53],[-66.372,80.584],[-66.136,80.625],[-65.963,80.649],[-65.801,80.66],[-65.645,80.685],[-65.358,80.767],[-65.062,80.836],[-64.694,80.966],[-64.516,81],[-63.892,81.056],[-63.722,81.057],[-63.578,81.043],[-63.442,81.014],[-63.059,80.886],[-63.029,80.89],[-63.095,80.938],[-63.235,81.083],[-63.212,81.143],[-62.993,81.207],[-62.903,81.218],[-62.672,81.214],[-62.299,81.194],[-62.049,81.173],[-61.86,81.138],[-61.636,81.116],[-61.519,81.117],[-61.436,81.134],[-61.317,81.188],[-61.162,81.281],[-61.1,81.396],[-61.131,81.532],[-61.176,81.632],[-61.236,81.695],[-61.203,81.747],[-61.015,81.81],[-60.843,81.855],[-60.432,81.92],[-60.099,81.937],[-59.902,81.933],[-59.642,81.903],[-59.282,81.884],[-58.957,81.825],[-58.43,81.69],[-58.08,81.622],[-57.79,81.592],[-57.505,81.54],[-57.083,81.43],[-56.862,81.383],[-56.731,81.366],[-56.615,81.363],[-56.658,81.394],[-56.86,81.46],[-57.168,81.532],[-57.853,81.662],[-58.23,81.754],[-58.568,81.858],[-58.817,81.92],[-59.268,81.982],[-59.262,82.007],[-58.717,82.093],[-57.717,82.168],[-56.589,82.227],[-56.212,82.221],[-55.549,82.246],[-55.486,82.283],[-55.344,82.3],[-54.726,82.351],[-54.549,82.351],[-54.277,82.326],[-53.987,82.279],[-53.853,82.237],[-53.671,82.164],[-53.582,82.062],[-53.596,81.738],[-53.591,81.677],[-53.556,81.653],[-53.43,81.688],[-53.28,81.754],[-53.145,81.8],[-53.041,81.871],[-52.969,81.967],[-52.926,82.038],[-53.102,82.119],[-53.111,82.251],[-53.023,82.322],[-52.776,82.322],[-51.754,82.078],[-51.352,82.026],[-50.894,81.895],[-50.36,81.909],[-49.867,81.893],[-49.649,81.898],[-49.541,81.918],[-49.694,81.972],[-50.395,82.121],[-50.713,82.237],[-50.936,82.383],[-50.99,82.46],[-50.82,82.474],[-50.037,82.472],[-48.861,82.405],[-47.357,82.174],[-46.617,82.097],[-45.291,81.829],[-44.891,81.788],[-44.729,81.78],[-44.608,81.813],[-44.532,81.849],[-44.527,81.897],[-44.591,81.957],[-44.628,82.026],[-44.637,82.104],[-44.547,82.26],[-44.333,82.311],[-44.239,82.368],[-44.327,82.472],[-44.577,82.543],[-45.552,82.725],[-45.557,82.747],[-45.36,82.771],[-45.067,82.785],[-42.651,82.741],[-42.233,82.725],[-42.055,82.71],[-41.977,82.689],[-41.876,82.68],[-41.357,82.705],[-41.37,82.75],[-41.434,82.779],[-44.239,82.857],[-44.762,82.884],[-45.028,82.886],[-45.303,82.865],[-45.873,82.855],[-46.137,82.859],[-46.478,82.952],[-46.169,83.064],[-45.909,83.061],[-45.415,83.018],[-45.122,83.079],[-44.657,83.129],[-44.197,83.147],[-43.195,83.255],[-43.009,83.265],[-42.776,83.259],[-42.26,83.232],[-42.055,83.205],[-41.82,83.148],[-41.683,83.13],[-41.522,83.127],[-41.3,83.101],[-40.979,83.185],[-40.689,83.275],[-40.357,83.332],[-39.886,83.299],[-39.588,83.256],[-39.316,83.204],[-38.931,83.175],[-38.278,82.999],[-38.156,82.999],[-38.099,83.014],[-38.037,83.046],[-38.015,83.095],[-37.935,83.161],[-37.993,83.185],[-38.54,83.258],[-38.643,83.286],[-38.748,83.333],[-38.75,83.371],[-38.648,83.401],[-38.541,83.415],[-38.188,83.402],[-38.071,83.412],[-37.961,83.438],[-37.828,83.486],[-37.723,83.498],[-37.487,83.499],[-37.123,83.468],[-36.804,83.466],[-36.69,83.48],[-36.672,83.51],[-36.644,83.529],[-36.606,83.537],[-35.452,83.539],[-35.166,83.546],[-34.942,83.568],[-34.668,83.571],[-34.428,83.558],[-34.132,83.529],[-33.837,83.53],[-33.398,83.577],[-32.984,83.6],[-30.703,83.593],[-29.953,83.565]]],[[[-52.731,69.945],[-52.398,69.863],[-52.045,69.807],[-52.011,69.782],[-51.983,69.743],[-51.977,69.722],[-51.985,69.704],[-52.007,69.686],[-51.982,69.664],[-51.908,69.637],[-51.9,69.605],[-51.988,69.55],[-52.113,69.489],[-52.77,69.364],[-53.003,69.343],[-53.578,69.257],[-53.754,69.26],[-53.793,69.264],[-53.902,69.302],[-54.051,69.337],[-54.121,69.364],[-54.183,69.404],[-54.158,69.428],[-54.047,69.437],[-53.89,69.437],[-53.658,69.465],[-53.722,69.491],[-53.783,69.506],[-53.825,69.54],[-53.921,69.534],[-53.994,69.553],[-54.133,69.565],[-54.497,69.577],[-54.734,69.611],[-54.804,69.631],[-54.866,69.665],[-54.919,69.714],[-54.841,69.902],[-54.788,69.95],[-54.665,69.966],[-54.363,69.924],[-54.323,69.942],[-54.652,70.011],[-54.774,70.053],[-54.809,70.085],[-54.831,70.133],[-54.83,70.161],[-54.816,70.189],[-54.786,70.218],[-54.706,70.256],[-54.372,70.317],[-54.007,70.296],[-53.375,70.221],[-53.297,70.205],[-53.103,70.141],[-52.731,69.945]]],[[[-51.014,69.552],[-51.17,69.517],[-51.202,69.525],[-51.234,69.552],[-51.315,69.674],[-51.339,69.732],[-51.319,69.804],[-51.35,69.855],[-51.209,69.914],[-51.095,69.924],[-50.94,69.909],[-50.679,69.849],[-50.698,69.829],[-50.754,69.798],[-50.912,69.757],[-50.967,69.664],[-50.978,69.618],[-50.97,69.583],[-51.014,69.552]]],[[[-53.535,71.041],[-53.629,71.034],[-53.898,71.085],[-53.941,71.104],[-53.958,71.128],[-53.947,71.156],[-53.862,71.207],[-53.701,71.283],[-53.584,71.297],[-53.512,71.25],[-53.441,71.186],[-53.432,71.153],[-53.437,71.115],[-53.455,71.083],[-53.488,71.056],[-53.535,71.041]]],[[[-55.017,72.791],[-55.158,72.723],[-55.274,72.684],[-55.524,72.568],[-55.567,72.564],[-55.634,72.579],[-55.687,72.61],[-55.781,72.617],[-55.814,72.636],[-55.827,72.652],[-55.869,72.662],[-55.936,72.668],[-56.043,72.656],[-56.141,72.668],[-56.215,72.719],[-56.078,72.753],[-55.994,72.782],[-55.666,72.794],[-55.574,72.78],[-55.516,72.781],[-55.428,72.789],[-55.235,72.825],[-55.206,72.842],[-55.033,72.821],[-55.017,72.791]]],[[[-71.667,77.325],[-72.024,77.316],[-72.374,77.355],[-72.495,77.386],[-72.49,77.432],[-72.436,77.448],[-72.247,77.464],[-72.089,77.467],[-71.983,77.46],[-71.733,77.432],[-71.552,77.403],[-71.433,77.394],[-71.467,77.354],[-71.667,77.325]]],[[[-44.865,82.084],[-45.067,82.066],[-45.491,82.172],[-46.161,82.278],[-46.752,82.348],[-47.308,82.533],[-47.351,82.599],[-47.272,82.657],[-46.787,82.666],[-46.399,82.692],[-45.411,82.578],[-44.917,82.481],[-44.75,82.401],[-44.776,82.242],[-44.865,82.084]]],[[[-25.432,70.921],[-25.397,70.862],[-25.394,70.835],[-25.401,70.811],[-25.421,70.795],[-25.468,70.78],[-25.38,70.741],[-25.352,70.714],[-25.346,70.693],[-25.402,70.653],[-25.801,70.599],[-25.911,70.573],[-26.05,70.509],[-26.218,70.454],[-26.274,70.454],[-26.339,70.511],[-26.605,70.553],[-27.105,70.531],[-27.69,70.479],[-27.898,70.454],[-28.003,70.467],[-28.035,70.487],[-28.037,70.514],[-27.968,70.595],[-27.94,70.615],[-27.805,70.642],[-27.714,70.713],[-27.744,70.79],[-27.709,70.897],[-27.617,70.914],[-27.387,70.876],[-27.239,70.868],[-26.976,70.863],[-26.622,70.876],[-26.337,70.919],[-25.819,71.044],[-25.727,71.042],[-25.661,70.998],[-25.612,70.976],[-25.458,70.943],[-25.432,70.921]]],[[[-18.665,81.846],[-18.768,81.814],[-19.031,81.827],[-19.369,81.917],[-19.594,81.991],[-19.611,82.078],[-19.495,82.117],[-19.315,82.123],[-19.067,82.049],[-18.813,81.949],[-18.665,81.846]]],[[[-17.612,79.826],[-18.036,79.711],[-18.662,79.72],[-19.032,79.773],[-19.138,79.852],[-18.997,79.94],[-18.547,80.011],[-17.983,80.055],[-17.471,80.029],[-17.401,79.94],[-17.612,79.826]]],[[[-18.997,77.974],[-19.129,77.939],[-19.218,78.044],[-19.297,78.185],[-19.315,78.344],[-19.112,78.424],[-19.006,78.441],[-18.935,78.424],[-18.953,78.353],[-18.953,78.212],[-18.882,78.115],[-18.997,77.974]]],[[[-18.583,76.042],[-18.697,76.016],[-19.085,76.43],[-19.085,76.58],[-19.059,76.695],[-18.882,76.704],[-18.733,76.642],[-18.662,76.404],[-18.583,76.042]]],[[[-18.001,75.407],[-17.921,75.302],[-17.886,75.204],[-17.762,75.143],[-17.498,75.152],[-17.392,75.037],[-17.586,74.993],[-18.353,75.01],[-18.671,75.002],[-18.891,75.072],[-18.882,75.196],[-18.856,75.319],[-18.636,75.39],[-18.45,75.328],[-18.23,75.372],[-18.001,75.407]]],[[[-17.954,77.642],[-18.148,77.642],[-18.22,77.668],[-18.174,77.714],[-17.904,77.863],[-17.814,77.875],[-17.681,77.859],[-17.641,77.782],[-17.729,77.706],[-17.954,77.642]]],[[[-37.031,65.532],[-37.187,65.531],[-37.238,65.61],[-37.223,65.695],[-37.048,65.722],[-36.953,65.663],[-36.987,65.576],[-37.031,65.532]]],[[[-46.267,60.781],[-46.382,60.66],[-46.496,60.687],[-46.553,60.741],[-46.666,60.766],[-46.788,60.758],[-46.79,60.78],[-46.394,60.909],[-46.205,60.944],[-46.219,60.889],[-46.254,60.842],[-46.267,60.781]]],[[[-51.675,70.855],[-51.809,70.853],[-52.119,70.871],[-52.144,70.882],[-52.148,70.904],[-52.107,70.968],[-51.97,70.976],[-51.807,70.942],[-51.631,70.892],[-51.607,70.869],[-51.675,70.855]]]]}},{"type":"Feature","properties":{"kind":"other-land"},"geometry":{"type":"MultiPolygon","coordinates":[[[[-6.623,61.806],[-6.643,61.768],[-6.67,61.769],[-6.764,61.815],[-6.839,61.841],[-6.864,61.862],[-6.885,61.899],[-6.842,61.904],[-6.791,61.895],[-6.662,61.862],[-6.626,61.827],[-6.623,61.806]]],[[[-6.699,61.445],[-6.68,61.414],[-6.703,61.418],[-6.771,61.452],[-6.888,61.535],[-6.929,61.603],[-6.935,61.634],[-6.906,61.631],[-6.882,61.603],[-6.77,61.584],[-6.741,61.571],[-6.741,61.536],[-6.704,61.496],[-6.699,61.445]]],[[[-7.187,62.139],[-7.097,62.101],[-7.065,62.073],[-7.117,62.047],[-7.179,62.04],[-7.255,62.046],[-7.379,62.075],[-7.423,62.14],[-7.337,62.139],[-7.235,62.151],[-7.187,62.139]]],[[[-6.631,62.228],[-6.656,62.094],[-6.696,62.094],[-6.769,62.131],[-6.823,62.139],[-6.841,62.119],[-6.838,62.095],[-6.809,62.08],[-6.723,61.99],[-6.714,61.964],[-6.725,61.951],[-6.81,61.977],[-7.014,62.094],[-7.172,62.286],[-6.959,62.316],[-6.804,62.266],[-6.631,62.228]]],[[[-6.406,62.259],[-6.454,62.187],[-6.525,62.198],[-6.544,62.206],[-6.559,62.225],[-6.552,62.278],[-6.555,62.356],[-6.473,62.292],[-6.406,62.259]]]]}},{"type":"Feature","properties":{"kind":"other-land"},"geometry":{"type":"Polygon","coordinates":[[[113.479,22.196],[113.481,22.217],[113.494,22.242],[113.527,22.246],[113.548,22.223],[113.546,22.221],[113.499,22.202],[113.484,22.198],[113.479,22.196]]]}},{"type":"Feature","properties":{"kind":"other-land"},"geometry":{"type":"MultiPolygon","coordinates":[[[[114.015,22.512],[114.018,22.514],[114.05,22.543],[114.098,22.551],[114.123,22.565],[114.188,22.565],[114.228,22.554],[114.266,22.541],[114.27,22.537],[114.291,22.499],[114.285,22.458],[114.325,22.437],[114.335,22.396],[114.291,22.374],[114.288,22.325],[114.268,22.296],[114.139,22.348],[114.033,22.376],[113.937,22.365],[113.903,22.396],[113.896,22.428],[114.007,22.484],[114.015,22.512]]],[[[114.232,22.211],[114.207,22.195],[114.139,22.268],[114.134,22.292],[114.187,22.297],[114.247,22.264],[114.244,22.234],[114.232,22.211]]],[[[113.998,22.21],[113.877,22.21],[113.852,22.22],[113.839,22.242],[113.882,22.28],[114.044,22.333],[114.003,22.278],[113.998,22.21]]]]}},{"type":"Feature","properties":{"kind":"other-land"},"geometry":{"type":"MultiPolygon","coordinates":[[[[105.725,-10.493],[105.697,-10.564],[105.644,-10.525],[105.584,-10.512],[105.596,-10.46],[105.646,-10.452],[105.67,-10.449],[105.705,-10.431],[105.725,-10.493]]],[[[96.84,-12.182],[96.852,-12.187],[96.867,-12.181],[96.874,-12.188],[96.85,-12.197],[96.835,-12.18],[96.828,-12.151],[96.826,-12.126],[96.833,-12.126],[96.833,-12.136],[96.834,-12.144],[96.839,-12.16],[96.836,-12.171],[96.84,-12.182]]],[[[96.918,-12.194],[96.907,-12.2],[96.897,-12.196],[96.894,-12.193],[96.893,-12.187],[96.904,-12.187],[96.913,-12.182],[96.919,-12.173],[96.921,-12.162],[96.925,-12.173],[96.924,-12.185],[96.918,-12.194]]]]}},{"type":"Feature","properties":{"kind":"other-land"},"geometry":{"type":"Polygon","coordinates":[[[73.707,-53.137],[73.588,-53.185],[73.465,-53.184],[73.413,-53.147],[73.336,-53.03],[73.285,-53.021],[73.254,-52.989],[73.251,-52.976],[73.305,-52.966],[73.388,-53],[73.586,-53.027],[73.731,-53.091],[73.838,-53.113],[73.795,-53.13],[73.707,-53.137]]]}},{"type":"Feature","properties":{"kind":"other-land"},"geometry":{"type":"Polygon","coordinates":[[[167.939,-29.018],[167.96,-29.028],[167.978,-29.034],[167.99,-29.042],[167.989,-29.059],[167.979,-29.076],[167.968,-29.083],[167.964,-29.085],[167.962,-29.088],[167.961,-29.092],[167.961,-29.096],[167.955,-29.082],[167.944,-29.073],[167.934,-29.072],[167.927,-29.083],[167.92,-29.083],[167.918,-29.072],[167.914,-29.062],[167.912,-29.053],[167.916,-29.045],[167.924,-29.036],[167.925,-29.029],[167.919,-29.025],[167.906,-29.028],[167.921,-29.014],[167.939,-29.018]]]}},{"type":"Feature","properties":{"kind":"other-land"},"geometry":{"type":"Polygon","coordinates":[[[123.595,-12.426],[123.595,-12.436],[123.573,-12.434],[123.572,-12.424],[123.595,-12.426]]]}},{"type":"Feature","properties":{"kind":"other-land"},"geometry":{"type":"Polygon","coordinates":[[[77.049,35.11],[77.004,35.196],[76.979,35.246],[76.928,35.347],[76.882,35.436],[76.813,35.572],[76.767,35.662],[76.879,35.613],[77.09,35.552],[77.295,35.508],[77.446,35.476],[77.52,35.473],[77.573,35.472],[77.724,35.481],[77.799,35.496],[77.697,35.443],[77.572,35.379],[77.423,35.303],[77.293,35.236],[77.169,35.172],[77.049,35.11]]]}},{"type":"Feature","properties":{"kind":"other-land"},"geometry":{"type":"MultiPolygon","coordinates":[[[[-45.718,-60.521],[-45.5,-60.546],[-45.386,-60.583],[-45.357,-60.624],[-45.228,-60.64],[-45.211,-60.648],[-45.186,-60.672],[-45.173,-60.699],[-45.174,-60.733],[-45.398,-60.65],[-45.709,-60.645],[-45.78,-60.586],[-45.937,-60.62],[-45.955,-60.597],[-45.956,-60.568],[-45.935,-60.527],[-45.834,-60.543],[-45.718,-60.521]]],[[[-90.536,-68.798],[-90.547,-68.798],[-90.567,-68.798],[-90.581,-68.799],[-90.595,-68.8],[-90.609,-68.802],[-90.617,-68.803],[-90.62,-68.803],[-90.624,-68.801],[-90.628,-68.797],[-90.638,-68.788],[-90.647,-68.78],[-90.652,-68.771],[-90.648,-68.76],[-90.637,-68.754],[-90.637,-68.747],[-90.637,-68.738],[-90.631,-68.73],[-90.628,-68.721],[-90.629,-68.716],[-90.626,-68.714],[-90.617,-68.712],[-90.6,-68.712],[-90.59,-68.713],[-90.571,-68.714],[-90.562,-68.715],[-90.548,-68.718],[-90.535,-68.728],[-90.525,-68.738],[-90.525,-68.743],[-90.523,-68.749],[-90.521,-68.756],[-90.519,-68.764],[-90.515,-68.771],[-90.518,-68.783],[-90.526,-68.795],[-90.533,-68.797],[-90.536,-68.798]]],[[[-57.021,-63.373],[-56.927,-63.506],[-56.782,-63.572],[-56.835,-63.631],[-56.974,-63.625],[-57.119,-63.638],[-57.152,-63.572],[-57.098,-63.524],[-57.152,-63.479],[-57.284,-63.491],[-57.461,-63.514],[-57.581,-63.547],[-57.737,-63.617],[-57.857,-63.657],[-58.263,-63.763],[-58.532,-63.915],[-58.723,-64.077],[-58.839,-64.187],[-59.005,-64.195],[-59.047,-64.234],[-58.977,-64.266],[-58.923,-64.279],[-58.799,-64.293],[-58.819,-64.339],[-58.905,-64.352],[-58.895,-64.389],[-58.806,-64.445],[-58.786,-64.524],[-58.892,-64.537],[-59.051,-64.451],[-59.229,-64.444],[-59.37,-64.404],[-59.461,-64.346],[-59.547,-64.359],[-59.612,-64.44],[-59.573,-64.531],[-59.646,-64.584],[-59.734,-64.559],[-59.765,-64.451],[-59.85,-64.434],[-59.963,-64.431],[-60.242,-64.547],[-60.341,-64.551],[-60.394,-64.609],[-60.556,-64.677],[-60.66,-64.729],[-60.915,-64.907],[-61.06,-64.981],[-61.332,-65.024],[-61.439,-65.018],[-61.503,-65],[-61.603,-64.988],[-61.703,-64.987],[-61.736,-65.033],[-61.577,-65.186],[-61.663,-65.239],[-61.856,-65.235],[-61.948,-65.192],[-62.025,-65.233],[-62.085,-65.273],[-62.145,-65.332],[-62.054,-65.457],[-61.903,-65.513],[-61.796,-65.523],[-61.756,-65.569],[-61.991,-65.589],[-62.151,-65.699],[-62.222,-65.775],[-62.305,-65.84],[-62.293,-65.916],[-62.169,-66.031],[-62.005,-66.113],[-61.839,-66.12],[-61.625,-66.095],[-61.575,-66.071],[-61.359,-66.059],[-61.266,-65.98],[-61.198,-65.975],[-61.138,-65.989],[-61.039,-65.992],[-60.988,-65.94],[-60.913,-65.921],[-60.813,-65.934],[-60.618,-65.933],[-60.565,-65.979],[-60.625,-66.032],[-60.744,-66.105],[-60.856,-66.065],[-60.956,-66.072],[-61.009,-66.111],[-60.903,-66.191],[-60.942,-66.264],[-61.028,-66.337],[-61.134,-66.29],[-61.15,-66.212],[-61.293,-66.165],[-61.432,-66.145],[-61.526,-66.226],[-61.676,-66.25],[-61.696,-66.343],[-61.756,-66.429],[-61.842,-66.403],[-61.875,-66.296],[-62.117,-66.209],[-62.241,-66.197],[-62.494,-66.219],[-62.583,-66.217],[-62.682,-66.237],[-62.755,-66.31],[-62.65,-66.364],[-62.615,-66.436],[-62.618,-66.49],[-62.638,-66.511],[-62.655,-66.556],[-62.543,-66.621],[-62.537,-66.707],[-62.629,-66.706],[-62.705,-66.68],[-62.997,-66.453],[-63.18,-66.353],[-63.258,-66.264],[-63.449,-66.244],[-63.587,-66.242],[-63.753,-66.278],[-63.688,-66.32],[-63.654,-66.383],[-63.756,-66.409],[-63.88,-66.506],[-63.964,-66.589],[-64.015,-66.607],[-64.078,-66.654],[-63.809,-66.761],[-63.769,-66.803],[-63.755,-66.873],[-63.84,-66.912],[-64.043,-66.927],[-64.401,-66.853],[-64.554,-66.852],[-64.607,-66.8],[-64.686,-66.806],[-64.735,-66.894],[-64.793,-66.972],[-64.878,-67.025],[-64.854,-67.105],[-64.785,-67.124],[-64.839,-67.156],[-64.951,-67.183],[-65.027,-67.214],[-64.858,-67.243],[-64.826,-67.269],[-64.819,-67.307],[-65.08,-67.335],[-65.249,-67.342],[-65.35,-67.311],[-65.443,-67.326],[-65.503,-67.377],[-65.523,-67.445],[-65.504,-67.528],[-65.471,-67.588],[-65.447,-67.61],[-65.418,-67.66],[-65.574,-67.788],[-65.589,-67.816],[-65.6,-67.876],[-65.528,-67.93],[-65.469,-68.009],[-65.551,-68.048],[-65.64,-68.131],[-65.546,-68.147],[-65.387,-68.15],[-65.218,-68.14],[-64.959,-68.068],[-64.885,-68.056],[-64.853,-68.083],[-64.829,-68.127],[-64.896,-68.168],[-65.365,-68.287],[-65.452,-68.337],[-65.331,-68.364],[-65.09,-68.37],[-64.996,-68.408],[-65.055,-68.449],[-65.14,-68.489],[-65.242,-68.583],[-65.158,-68.618],[-64.898,-68.673],[-64.429,-68.746],[-64.078,-68.771],[-64.157,-68.687],[-64.169,-68.583],[-63.924,-68.498],[-63.796,-68.47],[-63.217,-68.419],[-63.057,-68.421],[-62.933,-68.443],[-62.98,-68.486],[-63.115,-68.471],[-63.348,-68.499],[-63.707,-68.592],[-63.773,-68.632],[-63.747,-68.705],[-63.443,-68.764],[-63.344,-68.81],[-63.478,-68.951],[-63.456,-69.042],[-63.301,-69.141],[-63.094,-69.253],[-62.994,-69.329],[-62.84,-69.372],[-62.587,-69.477],[-62.451,-69.584],[-62.407,-69.827],[-62.202,-70.028],[-61.961,-70.12],[-61.935,-70.2],[-62.014,-70.279],[-62.218,-70.233],[-62.331,-70.279],[-62.378,-70.365],[-62.232,-70.424],[-62.001,-70.497],[-61.505,-70.491],[-61.491,-70.57],[-61.605,-70.617],[-61.696,-70.676],[-61.809,-70.709],[-61.994,-70.729],[-62.04,-70.801],[-61.961,-70.901],[-61.702,-70.857],[-61.513,-70.851],[-61.313,-70.868],[-61.252,-71.002],[-61.017,-71.167],[-60.962,-71.245],[-61.003,-71.319],[-61.148,-71.342],[-61.237,-71.401],[-61.369,-71.452],[-61.516,-71.479],[-61.79,-71.616],[-61.91,-71.631],[-61.959,-71.658],[-61.725,-71.673],[-61.563,-71.675],[-61.214,-71.564],[-61.081,-71.589],[-60.995,-71.661],[-60.949,-71.747],[-61.035,-71.82],[-61.645,-71.863],[-61.939,-71.904],[-62.257,-72.018],[-61.894,-72.071],[-61.628,-72.053],[-61.493,-72.073],[-61.31,-72.113],[-61.107,-72.092],[-60.952,-72.05],[-60.833,-72.052],[-60.719,-72.073],[-60.704,-72.144],[-60.691,-72.27],[-60.665,-72.362],[-60.73,-72.426],[-61.048,-72.471],[-61.28,-72.468],[-61.286,-72.601],[-60.939,-72.7],[-60.724,-72.647],[-60.532,-72.673],[-60.532,-72.832],[-60.385,-73.007],[-60.254,-73.017],[-60.149,-72.938],[-60.01,-72.938],[-59.957,-73.031],[-60.016,-73.189],[-60.122,-73.275],[-60.404,-73.24],[-60.561,-73.211],[-60.687,-73.271],[-60.896,-73.32],[-61.081,-73.328],[-61.242,-73.25],[-61.428,-73.191],[-61.726,-73.161],[-62.008,-73.148],[-61.915,-73.216],[-61.788,-73.255],[-61.738,-73.375],[-61.637,-73.5],[-61.405,-73.467],[-61.08,-73.539],[-60.879,-73.612],[-60.79,-73.712],[-60.903,-73.871],[-61.088,-73.929],[-61.203,-73.957],[-61.404,-73.896],[-61.545,-73.896],[-61.692,-73.924],[-61.742,-73.996],[-61.838,-74.032],[-61.319,-74.036],[-61.161,-74.056],[-61.042,-74.122],[-61.227,-74.208],[-61.571,-74.195],[-61.718,-74.228],[-61.843,-74.29],[-61.332,-74.329],[-61.121,-74.307],[-60.784,-74.241],[-60.704,-74.307],[-60.838,-74.373],[-61.011,-74.478],[-61.37,-74.512],[-61.64,-74.514],[-61.995,-74.476],[-62.089,-74.453],[-62.235,-74.441],[-62.226,-74.506],[-62.133,-74.55],[-61.894,-74.713],[-61.855,-74.777],[-61.928,-74.863],[-62.138,-74.926],[-62.372,-74.952],[-62.567,-74.896],[-62.708,-74.737],[-62.887,-74.691],[-63.072,-74.678],[-63.178,-74.684],[-63.168,-74.765],[-63.125,-74.85],[-63.198,-74.909],[-63.357,-74.878],[-63.559,-74.906],[-63.751,-74.952],[-63.925,-75.004],[-63.571,-75.03],[-63.337,-75.035],[-63.173,-75.115],[-63.231,-75.154],[-63.551,-75.171],[-63.858,-75.206],[-64.28,-75.293],[-63.972,-75.329],[-63.678,-75.328],[-63.475,-75.336],[-63.304,-75.352],[-63.258,-75.399],[-63.363,-75.451],[-64.053,-75.58],[-64.778,-75.738],[-65.044,-75.787],[-65.322,-75.815],[-65.966,-75.952],[-66.37,-76.013],[-67.518,-76.11],[-69.304,-76.351],[-69.915,-76.522],[-70.096,-76.654],[-70.21,-76.674],[-70.551,-76.718],[-70.895,-76.739],[-71.799,-76.753],[-72.722,-76.689],[-73.472,-76.675],[-73.88,-76.697],[-75.268,-76.581],[-75.444,-76.587],[-75.659,-76.608],[-75.831,-76.608],[-75.963,-76.592],[-76.244,-76.585],[-77.19,-76.63],[-77.287,-76.702],[-77.168,-76.834],[-76.824,-76.993],[-76.249,-77.275],[-75.937,-77.334],[-75.748,-77.398],[-75.387,-77.474],[-74.581,-77.478],[-73.478,-77.536],[-72.852,-77.59],[-72.875,-77.694],[-73.252,-77.894],[-73.485,-77.971],[-74.042,-78.109],[-74.812,-78.178],[-75.398,-78.158],[-76.438,-78.044],[-77.742,-77.94],[-79.679,-77.843],[-80.104,-77.797],[-80.602,-77.752],[-80.889,-77.798],[-81.103,-77.842],[-81.581,-77.846],[-81.441,-77.886],[-79.51,-78.154],[-77.858,-78.351],[-77.665,-78.401],[-77.433,-78.435],[-77.452,-78.56],[-77.545,-78.66],[-77.869,-78.746],[-78.712,-78.752],[-79.767,-78.821],[-80.292,-78.823],[-80.816,-78.754],[-81.929,-78.559],[-82.608,-78.412],[-83.083,-78.247],[-83.412,-78.115],[-83.779,-77.984],[-83.752,-78.066],[-83.688,-78.148],[-83.508,-78.248],[-83.246,-78.357],[-83.227,-78.402],[-83.355,-78.408],[-83.544,-78.355],[-83.706,-78.404],[-83.763,-78.461],[-83.697,-78.537],[-83.595,-78.611],[-83.26,-78.774],[-82.971,-78.817],[-82.589,-78.916],[-81.661,-79.1],[-81.503,-79.163],[-81.222,-79.298],[-81.163,-79.4],[-80.892,-79.502],[-80.705,-79.517],[-80.535,-79.513],[-80.479,-79.426],[-80.489,-79.321],[-80.416,-79.295],[-80.151,-79.268],[-79.456,-79.304],[-76.499,-79.326],[-76.218,-79.387],[-76.105,-79.465],[-76.032,-79.627],[-76.344,-79.821],[-76.558,-79.904],[-76.904,-79.955],[-77.222,-79.994],[-77.702,-80.01],[-78.692,-79.995],[-79.66,-79.997],[-78.907,-80.09],[-78.176,-80.167],[-77.16,-80.153],[-76.757,-80.131],[-76.407,-80.095],[-76.26,-80.16],[-75.986,-80.295],[-75.822,-80.338],[-75.709,-80.383],[-75.555,-80.531],[-75.495,-80.617],[-75.345,-80.719],[-75.237,-80.803],[-75.076,-80.86],[-74.807,-80.887],[-74.511,-80.838],[-73.938,-80.816],[-73.383,-80.894],[-73.029,-80.917],[-72.553,-80.853],[-72.174,-80.764],[-71.38,-80.682],[-71.231,-80.647],[-71.018,-80.619],[-70.688,-80.626],[-70.56,-80.647],[-70.392,-80.735],[-70.239,-80.857],[-70.012,-80.918],[-69.772,-80.962],[-69.634,-80.966],[-69.182,-81.005],[-68.59,-80.968],[-68.327,-81.004],[-68.285,-81.074],[-68.144,-81.13],[-67.965,-81.148],[-65.574,-81.461],[-64.75,-81.522],[-63.478,-81.553],[-62.49,-81.557],[-62.354,-81.577],[-62.165,-81.636],[-62.542,-81.678],[-62.946,-81.684],[-63.554,-81.667],[-63.769,-81.676],[-64.233,-81.66],[-64.476,-81.672],[-64.696,-81.652],[-65.022,-81.696],[-65.62,-81.729],[-65.487,-81.775],[-65.264,-81.786],[-64.811,-81.803],[-64.19,-81.795],[-64.137,-81.869],[-64.706,-81.887],[-65.916,-81.902],[-66.042,-81.914],[-66.134,-81.953],[-65.953,-81.971],[-65.844,-81.993],[-65.787,-82.046],[-65.913,-82.183],[-65.714,-82.279],[-65.572,-82.294],[-65.424,-82.28],[-65.17,-82.318],[-64.92,-82.371],[-64.397,-82.374],[-63.773,-82.304],[-63.466,-82.307],[-62.645,-82.263],[-61.902,-82.271],[-60.859,-82.187],[-60.687,-82.189],[-60.528,-82.2],[-60.817,-82.276],[-62.095,-82.467],[-62.553,-82.503],[-62.736,-82.527],[-62.631,-82.621],[-62.466,-82.718],[-62.129,-82.822],[-61.917,-82.977],[-61.709,-83.01],[-61.313,-82.939],[-61.218,-82.992],[-61.2,-83.098],[-61.303,-83.184],[-61.436,-83.232],[-61.531,-83.279],[-61.59,-83.341],[-61.425,-83.396],[-60.983,-83.428],[-60.397,-83.441],[-59.854,-83.442],[-59.516,-83.458],[-58.29,-83.121],[-57.798,-82.959],[-57.557,-82.89],[-57.354,-82.84],[-56.318,-82.633],[-56.075,-82.57],[-55.801,-82.478],[-55.295,-82.465],[-54.601,-82.316],[-53.986,-82.201],[-53.74,-82.178],[-53.558,-82.169],[-53.339,-82.145],[-52.799,-82.154],[-52.415,-82.135],[-51.731,-82.062],[-51.21,-82.015],[-50.653,-81.975],[-50.029,-81.968],[-48.361,-81.892],[-47.887,-81.925],[-47.36,-82.004],[-47.02,-82.003],[-46.567,-81.979],[-46.258,-81.947],[-46.119,-82.04],[-46.046,-82.159],[-46.199,-82.271],[-46.448,-82.34],[-46.517,-82.455],[-46.175,-82.512],[-45.789,-82.495],[-45.044,-82.438],[-44.455,-82.366],[-44.292,-82.318],[-44.064,-82.331],[-43.669,-82.27],[-43.18,-82.017],[-42.565,-81.762],[-42.046,-81.598],[-41.712,-81.408],[-41.434,-81.298],[-41.126,-81.215],[-40.915,-81.172],[-40.441,-81.165],[-39.762,-81.032],[-38.772,-80.882],[-38.011,-80.954],[-37.209,-81.064],[-36.812,-80.975],[-36.5,-80.96],[-36.234,-80.921],[-35.966,-80.891],[-35.776,-80.813],[-35.521,-80.746],[-35.327,-80.651],[-34.35,-80.603],[-33.329,-80.54],[-33.191,-80.519],[-33.057,-80.532],[-32.706,-80.514],[-32.256,-80.461],[-31.634,-80.445],[-31.312,-80.45],[-31.015,-80.308],[-30.425,-80.28],[-29.797,-80.223],[-29.531,-80.182],[-29.329,-80.172],[-24.24,-80.062],[-24.02,-80.009],[-23.574,-79.965],[-23.407,-79.859],[-24.088,-79.815],[-24.3,-79.771],[-24.534,-79.758],[-24.67,-79.775],[-25.259,-79.762],[-29.949,-79.599],[-30.049,-79.585],[-30.211,-79.485],[-30.178,-79.304],[-30.316,-79.163],[-30.645,-79.124],[-30.985,-79.128],[-31.413,-79.145],[-32.542,-79.222],[-32.994,-79.229],[-34.197,-79.11],[-34.995,-78.978],[-35.516,-78.933],[-35.89,-78.844],[-36.239,-78.774],[-36.266,-78.616],[-36.181,-78.468],[-35.509,-78.041],[-35.088,-77.837],[-34.808,-77.821],[-34.551,-77.729],[-34.29,-77.522],[-34.076,-77.425],[-33.591,-77.311],[-33.377,-77.282],[-32.614,-77.141],[-32.405,-77.136],[-32.063,-77.16],[-31.676,-77.033],[-30.489,-76.762],[-30.222,-76.66],[-29.892,-76.598],[-28.934,-76.37],[-28.079,-76.258],[-27.653,-76.226],[-27.135,-76.157],[-26.56,-76.055],[-26.059,-75.957],[-24.27,-75.767],[-23.197,-75.718],[-22.465,-75.661],[-21.948,-75.694],[-21.434,-75.683],[-20.989,-75.634],[-20.783,-75.594],[-20.487,-75.492],[-19.493,-75.54],[-18.851,-75.47],[-18.585,-75.463],[-18.305,-75.431],[-18.415,-75.396],[-18.517,-75.39],[-18.617,-75.342],[-18.749,-75.242],[-18.617,-75.115],[-18.517,-75.052],[-18.221,-74.975],[-18.068,-74.863],[-17.923,-74.699],[-17.436,-74.379],[-17.299,-74.334],[-16.989,-74.32],[-16.727,-74.328],[-16.43,-74.324],[-15.673,-74.407],[-15.531,-74.376],[-15.29,-74.281],[-15.089,-74.163],[-14.659,-73.989],[-14.574,-73.937],[-14.611,-73.852],[-15.26,-73.889],[-15.749,-73.946],[-16.22,-73.916],[-16.282,-73.867],[-16.181,-73.83],[-16.003,-73.816],[-15.936,-73.758],[-16.097,-73.709],[-16.388,-73.681],[-16.519,-73.644],[-16.507,-73.556],[-16.435,-73.426],[-16.279,-73.388],[-16.149,-73.334],[-15.803,-73.152],[-15.596,-73.097],[-15.007,-73.047],[-14.321,-73.123],[-14.165,-73.102],[-14,-73.001],[-14.168,-72.843],[-14.298,-72.785],[-14.298,-72.733],[-13.939,-72.756],[-13.603,-72.792],[-13.209,-72.785],[-12.747,-72.629],[-12.095,-72.498],[-11.777,-72.444],[-11.497,-72.413],[-11.346,-72.282],[-11.121,-72.032],[-10.958,-71.902],[-10.961,-71.822],[-11.009,-71.758],[-11.179,-71.777],[-11.333,-71.786],[-11.697,-71.719],[-12.148,-71.614],[-12.285,-71.495],[-12.351,-71.39],[-12.208,-71.332],[-12.074,-71.297],[-11.926,-71.289],[-11.663,-71.331],[-11.328,-71.44],[-11.16,-71.481],[-10.97,-71.56],[-10.825,-71.553],[-10.659,-71.443],[-10.52,-71.296],[-10.407,-71.25],[-10.231,-71.201],[-10.033,-71.131],[-10.122,-71.061],[-10.331,-71.024],[-10.36,-70.982],[-10.271,-70.936],[-10.099,-70.926],[-9.888,-71.027],[-9.599,-71.095],[-9.402,-71.118],[-9.231,-71.174],[-8.966,-71.361],[-8.646,-71.673],[-8.498,-71.675],[-8.216,-71.647],[-7.916,-71.635],[-7.714,-71.546],[-7.669,-71.324],[-7.59,-71.224],[-7.618,-71.121],[-7.757,-71.017],[-7.873,-70.94],[-7.855,-70.885],[-7.753,-70.843],[-7.62,-70.829],[-7.388,-70.787],[-7.032,-70.835],[-6.838,-70.845],[-6.548,-70.817],[-6.245,-70.756],[-5.936,-70.713],[-5.695,-70.745],[-5.588,-70.857],[-5.709,-70.968],[-5.904,-71.052],[-6.08,-71.154],[-6.127,-71.266],[-6.117,-71.326],[-5.95,-71.342],[-4.45,-71.328],[-4.253,-71.338],[-3.995,-71.339],[-3.713,-71.375],[-3.24,-71.36],[-2.812,-71.321],[-2.61,-71.321],[-2.261,-71.357],[-2.015,-71.433],[-1.501,-71.412],[-1.354,-71.387],[-1.216,-71.284],[-1.068,-71.266],[-0.896,-71.349],[-0.84,-71.54],[-0.76,-71.63],[-0.543,-71.713],[-0.327,-71.642],[-0.185,-71.559],[0.154,-71.398],[0.538,-71.274],[0.835,-71.202],[1.552,-71.08],[1.909,-71.004],[2.609,-70.9],[3.507,-70.844],[5.113,-70.656],[5.644,-70.636],[6.508,-70.586],[6.951,-70.535],[7.401,-70.494],[7.677,-70.356],[8.307,-70.462],[8.523,-70.474],[8.817,-70.391],[9.142,-70.184],[9.613,-70.269],[9.886,-70.403],[10.218,-70.508],[10.969,-70.688],[11.204,-70.729],[11.701,-70.767],[11.834,-70.737],[12.068,-70.617],[12.309,-70.443],[12.462,-70.37],[12.682,-70.309],[12.929,-70.213],[12.865,-70.162],[12.723,-70.144],[12.595,-70.117],[12.626,-70.066],[13.066,-70.054],[13.298,-70.23],[13.533,-70.287],[13.823,-70.343],[14.492,-70.3],[15.064,-70.295],[15.563,-70.331],[15.807,-70.324],[16.025,-70.193],[16.381,-70.145],[16.585,-70.204],[16.709,-70.397],[17.167,-70.451],[18.125,-70.54],[18.232,-70.518],[18.351,-70.416],[18.433,-70.29],[18.627,-70.269],[18.877,-70.201],[19.009,-70.212],[19.196,-70.293],[19.132,-70.492],[19.027,-70.674],[19.153,-70.821],[19.265,-70.902],[19.409,-70.917],[19.652,-70.921],[19.944,-70.91],[20.128,-70.918],[21.071,-70.843],[21.186,-70.681],[21.337,-70.495],[21.705,-70.258],[21.849,-70.277],[21.962,-70.3],[22.216,-70.417],[22.366,-70.475],[22.396,-70.561],[22.234,-70.643],[22.278,-70.696],[22.445,-70.74],[22.979,-70.81],[23.15,-70.796],[23.407,-70.723],[23.665,-70.575],[23.804,-70.405],[24.024,-70.413],[24.236,-70.449],[24.386,-70.537],[24.386,-70.704],[24.588,-70.82],[24.757,-70.892],[25.187,-70.971],[25.65,-70.991],[25.974,-71.037],[26.499,-71.02],[26.754,-70.967],[26.918,-70.954],[27.207,-70.911],[27.509,-70.813],[27.698,-70.772],[28.386,-70.682],[28.912,-70.583],[29.464,-70.406],[30.003,-70.3],[30.834,-70.246],[31.063,-70.225],[31.379,-70.226],[32.16,-70.1],[32.457,-70.026],[32.621,-70.001],[32.81,-69.909],[32.912,-69.734],[32.989,-69.624],[32.976,-69.517],[32.903,-69.379],[32.738,-69.255],[32.568,-69.074],[32.642,-68.869],[32.776,-68.783],[33.121,-68.689],[33.466,-68.671],[33.854,-68.683],[34.193,-68.702],[34.219,-68.791],[34.074,-68.885],[33.885,-68.979],[33.772,-69.02],[33.814,-69.099],[34.059,-69.111],[34.596,-69.095],[34.75,-69.168],[35.131,-69.487],[35.225,-69.637],[35.357,-69.681],[35.568,-69.66],[36.018,-69.662],[36.331,-69.639],[36.586,-69.638],[36.719,-69.652],[36.856,-69.726],[37.115,-69.81],[37.375,-69.748],[37.56,-69.718],[37.787,-69.726],[38.144,-69.824],[38.499,-70.056],[38.886,-70.172],[38.912,-70.098],[38.859,-70.006],[39.019,-69.924],[39.211,-69.786],[39.487,-69.608],[39.705,-69.426],[39.762,-69.173],[39.864,-68.967],[40.042,-68.868],[40.216,-68.805],[40.484,-68.739],[40.817,-68.724],[41.133,-68.575],[41.356,-68.515],[41.825,-68.433],[42.409,-68.352],[42.82,-68.123],[42.961,-68.095],[43.171,-68.06],[43.554,-68.046],[44.178,-67.972],[44.373,-67.961],[44.7,-67.904],[44.99,-67.769],[45.197,-67.731],[45.569,-67.736],[45.888,-67.66],[46.154,-67.657],[46.399,-67.618],[46.437,-67.533],[46.32,-67.477],[46.317,-67.402],[46.454,-67.304],[46.56,-67.268],[46.884,-67.275],[47.154,-67.357],[47.352,-67.362],[47.403,-67.409],[47.231,-67.468],[47.117,-67.573],[47.314,-67.665],[47.49,-67.728],[47.704,-67.716],[47.959,-67.66],[48.21,-67.699],[48.322,-67.785],[48.322,-67.917],[48.375,-67.988],[48.551,-67.926],[48.648,-67.794],[48.62,-67.625],[48.63,-67.521],[49.053,-67.352],[49.219,-67.227],[48.923,-67.2],[48.714,-67.217],[48.598,-67.171],[48.465,-67.043],[48.83,-66.938],[49.247,-66.942],[49.489,-67.031],[50.006,-67.175],[50.293,-67.172],[50.553,-67.194],[50.606,-67.15],[50.509,-66.939],[50.521,-66.82],[50.306,-66.753],[50.244,-66.603],[50.332,-66.445],[50.588,-66.356],[50.937,-66.315],[51.688,-66.072],[51.885,-66.02],[52.378,-65.969],[52.955,-65.946],[53.672,-65.859],[54.948,-65.916],[55.29,-65.954],[55.504,-66.003],[55.71,-66.08],[55.974,-66.209],[56.362,-66.373],[56.859,-66.423],[57,-66.475],[57.185,-66.613],[56.987,-66.704],[56.824,-66.713],[56.51,-66.659],[56.295,-66.603],[56.146,-66.626],[56.292,-66.721],[56.453,-66.78],[56.48,-66.859],[56.391,-66.974],[55.803,-67.199],[56.155,-67.265],[56.366,-67.212],[56.562,-67.116],[56.76,-67.073],[56.892,-67.056],[57.361,-67.053],[57.627,-67.014],[57.828,-67.041],[58.027,-67.103],[58.317,-67.163],[58.737,-67.23],[59.251,-67.485],[59.65,-67.459],[59.868,-67.403],[60.482,-67.385],[61.012,-67.5],[61.309,-67.54],[62.174,-67.575],[62.688,-67.648],[63.018,-67.562],[63.238,-67.527],[63.699,-67.508],[63.931,-67.526],[64.574,-67.62],[65.708,-67.716],[66.488,-67.766],[67.175,-67.768],[67.502,-67.81],[68.099,-67.854],[68.328,-67.89],[68.9,-67.862],[69.167,-67.825],[69.416,-67.743],[69.559,-67.763],[69.656,-67.865],[69.603,-68.041],[69.704,-68.161],[69.789,-68.279],[69.907,-68.379],[69.982,-68.464],[69.928,-68.535],[69.762,-68.599],[69.534,-68.737],[69.547,-68.857],[69.646,-68.932],[69.531,-69.024],[69.615,-69.154],[69.629,-69.232],[69.549,-69.294],[69.372,-69.331],[69.065,-69.337],[68.906,-69.373],[68.88,-69.47],[68.959,-69.54],[69.136,-69.578],[69.188,-69.655],[69.162,-69.77],[69.083,-69.867],[68.921,-69.912],[68.744,-69.921],[68.415,-69.902],[68.178,-69.837],[68.027,-69.894],[67.917,-69.953],[67.575,-70.088],[67.417,-70.177],[67.268,-70.273],[67.659,-70.326],[67.941,-70.423],[68.559,-70.412],[68.757,-70.37],[69.021,-70.325],[69.162,-70.334],[69.25,-70.431],[69.197,-70.585],[69.188,-70.705],[68.873,-71.035],[68.768,-71.091],[68.624,-71.181],[68.448,-71.252],[68.311,-71.287],[68.037,-71.391],[67.873,-71.58],[67.694,-71.737],[67.432,-72.003],[67.281,-72.291],[67.215,-72.461],[67.113,-72.641],[66.892,-72.949],[66.746,-73],[66.498,-73.125],[66.569,-73.209],[66.765,-73.217],[67.003,-73.236],[67.322,-73.3],[67.749,-73.168],[67.971,-73.086],[68.016,-72.918],[67.971,-72.751],[68.107,-72.651],[68.42,-72.515],[69.157,-72.419],[69.309,-72.409],[69.555,-72.375],[69.77,-72.254],[69.962,-72.133],[70.294,-72.055],[70.573,-71.931],[70.616,-71.842],[70.732,-71.822],[71.079,-71.737],[71.168,-71.672],[71.277,-71.624],[71.349,-71.514],[71.379,-71.309],[71.465,-71.155],[71.634,-70.949],[71.771,-70.801],[71.905,-70.707],[72.263,-70.657],[72.418,-70.599],[72.622,-70.472],[72.76,-70.396],[72.744,-70.239],[72.822,-70.096],[73.041,-70.01],[73.325,-69.849],[73.676,-69.826],[73.942,-69.743],[74.227,-69.8],[74.571,-69.88],[75.148,-69.855],[75.424,-69.893],[75.636,-69.849],[75.821,-69.725],[75.891,-69.576],[76.112,-69.487],[76.36,-69.49],[76.77,-69.34],[77.192,-69.206],[77.541,-69.174],[77.817,-69.069],[78.015,-68.892],[78.229,-68.756],[78.489,-68.626],[78.563,-68.394],[78.726,-68.278],[79.035,-68.175],[79.288,-68.119],[80.363,-67.947],[81.187,-67.831],[82.017,-67.69],[82.273,-67.692],[82.607,-67.613],[83.158,-67.611],[83.304,-67.603],[83.494,-67.441],[83.904,-67.292],[84.161,-67.244],[84.485,-67.114],[84.748,-67.102],[85.117,-67.126],[85.429,-67.161],[85.711,-67.161],[86.118,-67.055],[86.75,-67.037],[86.947,-66.986],[87.085,-66.94],[87.98,-66.788],[88.314,-66.817],[88.789,-66.792],[89.077,-66.799],[89.352,-66.818],[89.698,-66.823],[90.293,-66.77],[90.547,-66.734],[91.022,-66.603],[91.546,-66.572],[91.777,-66.537],[92.073,-66.508],[92.312,-66.559],[92.486,-66.604],[92.592,-66.614],[92.731,-66.624],[93.075,-66.571],[93.358,-66.585],[93.722,-66.643],[93.964,-66.69],[94.089,-66.689],[94.313,-66.647],[94.587,-66.544],[94.84,-66.501],[95.084,-66.527],[95.248,-66.571],[95.541,-66.631],[95.991,-66.621],[96.424,-66.6],[96.789,-66.551],[97.101,-66.499],[97.388,-66.579],[97.72,-66.607],[98.258,-66.467],[98.462,-66.499],[98.603,-66.535],[98.72,-66.553],[98.859,-66.671],[99.37,-66.648],[99.824,-66.549],[100.212,-66.474],[100.591,-66.425],[100.889,-66.358],[101.327,-66.1],[101.321,-66.021],[101.381,-65.973],[101.474,-65.951],[102.174,-65.954],[102.392,-65.933],[102.674,-65.865],[103.167,-65.917],[103.639,-65.999],[103.763,-65.99],[103.951,-65.988],[104.289,-66.039],[104.667,-66.137],[105,-66.164],[106.387,-66.411],[107.171,-66.47],[107.566,-66.552],[107.667,-66.58],[107.785,-66.664],[107.992,-66.672],[108.158,-66.639],[108.376,-66.766],[108.91,-66.862],[109.463,-66.909],[109.824,-66.834],[110.437,-66.621],[110.622,-66.524],[110.587,-66.312],[110.907,-66.077],[111.453,-65.961],[112.13,-65.9],[112.548,-65.848],[113.099,-65.8],[113.368,-65.849],[113.502,-65.886],[113.71,-65.93],[113.954,-66.06],[114.337,-66.36],[114.619,-66.468],[114.87,-66.477],[115.082,-66.493],[115.31,-66.561],[115.635,-66.771],[115.442,-66.958],[115.274,-67.028],[114.571,-67.108],[114.26,-67.172],[113.991,-67.212],[113.913,-67.368],[114.027,-67.441],[114.319,-67.406],[114.658,-67.388],[114.926,-67.357],[115.172,-67.308],[115.384,-67.238],[115.885,-67.202],[116.215,-67.143],[116.509,-67.108],[116.713,-67.047],[116.924,-67.055],[117.132,-67.114],[117.298,-67.109],[117.745,-67.129],[117.952,-67.085],[118.139,-67.082],[118.326,-67.115],[118.519,-67.161],[118.714,-67.172],[118.965,-67.145],[119.318,-67.071],[119.768,-66.992],[120.187,-66.966],[120.289,-66.967],[120.375,-66.984],[119.954,-67.076],[119.281,-67.199],[118.922,-67.32],[119.133,-67.371],[120.4,-67.236],[120.979,-67.136],[121.488,-67.091],[121.613,-67.057],[122.033,-66.902],[122.183,-66.859],[122.633,-66.805],[123.222,-66.745],[123.667,-66.677],[123.969,-66.608],[124.196,-66.601],[124.371,-66.652],[124.598,-66.708],[124.822,-66.695],[125.095,-66.641],[125.286,-66.516],[125.398,-66.424],[125.603,-66.393],[125.866,-66.364],[126.077,-66.396],[126.424,-66.462],[126.665,-66.498],[126.874,-66.759],[127.365,-66.99],[127.541,-67.051],[127.968,-67.028],[128.431,-67.119],[128.628,-67.107],[128.816,-67.08],[128.982,-67.098],[129.237,-67.042],[129.5,-66.753],[129.741,-66.469],[129.976,-66.345],[130.121,-66.292],[130.301,-66.268],[130.579,-66.209],[130.952,-66.191],[131.232,-66.216],[131.831,-66.236],[132.32,-66.165],[132.874,-66.178],[133.148,-66.095],[133.445,-66.081],[133.843,-66.154],[133.958,-66.204],[134.179,-66.277],[134.232,-66.348],[134.289,-66.477],[134.398,-66.48],[134.77,-66.353],[134.971,-66.33],[135.352,-66.127],[135.555,-66.18],[136.009,-66.267],[136.194,-66.292],[136.553,-66.439],[136.74,-66.408],[136.889,-66.34],[137.336,-66.346],[137.754,-66.406],[137.926,-66.457],[138.14,-66.544],[138.271,-66.564],[138.376,-66.54],[139.242,-66.574],[139.613,-66.638],[139.9,-66.715],[140.902,-66.752],[141.286,-66.832],[141.517,-66.794],[141.973,-66.807],[142.159,-66.874],[142.327,-66.948],[142.688,-67.013],[142.888,-67],[143.169,-66.949],[143.448,-66.877],[143.73,-66.877],[143.863,-66.939],[143.911,-67.091],[144.118,-67.088],[144.348,-67.018],[144.551,-67.036],[144.621,-67.141],[144.515,-67.283],[144.26,-67.479],[144.154,-67.644],[143.942,-67.794],[143.977,-67.865],[144.189,-67.9],[144.404,-67.794],[144.879,-67.721],[145.128,-67.626],[145.556,-67.591],[145.975,-67.624],[146.276,-67.751],[146.828,-67.965],[146.852,-68.041],[146.897,-68.12],[146.878,-68.191],[146.798,-68.274],[147.094,-68.369],[147.354,-68.384],[147.569,-68.375],[148.456,-68.467],[148.881,-68.431],[149.263,-68.431],[149.717,-68.418],[150.066,-68.42],[150.342,-68.436],[150.672,-68.403],[150.936,-68.358],[151.068,-68.385],[151.121,-68.623],[151.139,-68.764],[151.289,-68.817],[151.448,-68.764],[151.562,-68.694],[152.265,-68.726],[152.546,-68.73],[152.814,-68.768],[153.082,-68.857],[153.34,-68.818],[153.496,-68.764],[153.705,-68.729],[153.767,-68.641],[153.792,-68.493],[153.785,-68.35],[153.908,-68.323],[154.032,-68.35],[154.2,-68.418],[154.576,-68.634],[154.866,-68.774],[154.988,-68.841],[155.164,-68.895],[155.52,-69.024],[156.011,-69.078],[156.489,-69.183],[157.046,-69.176],[157.481,-69.309],[157.776,-69.205],[157.933,-69.181],[158.158,-69.209],[158.433,-69.299],[158.647,-69.32],[159.386,-69.468],[159.784,-69.522],[159.931,-69.631],[160.126,-69.734],[160.126,-69.84],[160.21,-69.975],[160.652,-70.081],[160.827,-70.182],[161.037,-70.317],[161.425,-70.827],[161.625,-70.916],[161.916,-70.907],[162.189,-71.04],[162.278,-71.022],[162.287,-70.969],[162.04,-70.625],[162.022,-70.44],[162.216,-70.334],[162.675,-70.305],[163.026,-70.501],[163.349,-70.621],[163.567,-70.642],[163.998,-70.637],[164.403,-70.51],[164.716,-70.557],[165.209,-70.571],[165.854,-70.645],[166.132,-70.633],[166.627,-70.664],[167.229,-70.771],[167.569,-70.81],[167.64,-70.854],[167.799,-70.925],[167.878,-71.013],[167.966,-71.092],[168.173,-71.183],[168.383,-71.197],[168.798,-71.275],[169.664,-71.511],[169.977,-71.581],[170.162,-71.63],[170.25,-71.569],[170.277,-71.444],[170.436,-71.419],[170.603,-71.604],[170.78,-71.745],[170.859,-71.869],[170.675,-71.969],[170.409,-71.948],[170.224,-71.948],[170.03,-72.116],[169.954,-72.403],[170.127,-72.398],[170.259,-72.371],[170.286,-72.477],[170.206,-72.565],[170.048,-72.601],[169.775,-72.534],[169.44,-72.487],[169.072,-72.469],[168.719,-72.384],[168.576,-72.379],[168.428,-72.383],[168.622,-72.473],[168.82,-72.552],[169.27,-72.621],[169.829,-72.729],[169.845,-72.795],[169.712,-72.877],[169.545,-73.05],[169.033,-73.2],[168.736,-73.091],[168.381,-73.066],[168.204,-73.13],[167.853,-73.122],[167.156,-73.147],[166.883,-73.011],[166.453,-72.936],[166.467,-72.997],[166.834,-73.224],[167.226,-73.276],[167.616,-73.337],[167.709,-73.394],[167.534,-73.447],[167.296,-73.44],[166.996,-73.544],[166.429,-73.527],[166.159,-73.534],[166.001,-73.577],[165.86,-73.593],[165.971,-73.631],[166.106,-73.735],[165.913,-73.823],[165.734,-73.867],[165.549,-73.846],[165.347,-73.879],[165.25,-73.782],[165.245,-73.571],[165.129,-73.383],[165.005,-73.375],[164.813,-73.397],[164.75,-73.559],[164.888,-73.838],[164.98,-73.926],[164.906,-74.003],[164.776,-74.029],[165.037,-74.263],[165.263,-74.426],[165.4,-74.479],[165.409,-74.559],[165.303,-74.594],[165.001,-74.563],[164.853,-74.578],[164.689,-74.568],[164.411,-74.533],[164.174,-74.523],[163.936,-74.567],[163.735,-74.564],[163.557,-74.417],[163.398,-74.382],[163.266,-74.426],[163.167,-74.602],[162.961,-74.656],[162.752,-74.736],[162.604,-74.823],[162.534,-75.167],[162.41,-75.238],[162.226,-75.235],[162.088,-75.262],[161.91,-75.234],[161.68,-75.218],[160.911,-75.335],[161.033,-75.396],[161.227,-75.386],[161.904,-75.404],[162.19,-75.467],[162.239,-75.622],[162.352,-75.687],[162.578,-75.758],[162.754,-75.793],[162.816,-75.846],[162.745,-75.952],[162.648,-76.049],[162.437,-76.155],[162.498,-76.208],[162.728,-76.225],[162.825,-76.464],[162.675,-76.569],[162.745,-76.658],[162.763,-76.746],[162.61,-76.829],[162.489,-76.869],[162.45,-76.956],[162.679,-77.007],[162.85,-77.024],[163.087,-77.032],[163.25,-77.126],[163.458,-77.269],[163.608,-77.388],[163.619,-77.582],[163.766,-77.7],[164.045,-77.775],[164.036,-77.853],[164.232,-77.877],[164.421,-77.883],[164.492,-77.954],[164.43,-78.042],[164.108,-78.147],[163.978,-78.224],[164.297,-78.236],[164.628,-78.316],[165.051,-78.226],[165.274,-78.129],[165.418,-78.042],[165.524,-78.064],[165.534,-78.154],[165.663,-78.306],[166.209,-78.452],[166.51,-78.497],[166.801,-78.522],[167.058,-78.518],[167.13,-78.606],[167.049,-78.686],[166.85,-78.68],[166.525,-78.695],[166.287,-78.628],[166.117,-78.571],[164.635,-78.603],[164.301,-78.63],[163.902,-78.717],[163.503,-78.759],[162.895,-78.845],[162.639,-78.898],[161.975,-78.694],[161.757,-78.545],[161.669,-78.536],[161.51,-78.571],[161.502,-78.677],[161.813,-78.907],[161.951,-78.968],[161.951,-79.03],[161.864,-79.061],[161.737,-79.06],[161.546,-79.015],[161.191,-78.979],[160.874,-79.05],[160.483,-79.201],[160.567,-79.302],[160.67,-79.359],[160.646,-79.427],[160.209,-79.554],[160.068,-79.561],[159.976,-79.586],[160.084,-79.633],[160.323,-79.636],[160.346,-79.692],[160.265,-79.737],[159.872,-79.79],[159.896,-79.859],[160.111,-79.892],[160.387,-79.879],[160.558,-79.93],[160.559,-80.011],[160.382,-80.054],[160.179,-80.088],[158.767,-80.293],[158.56,-80.349],[158.574,-80.423],[159.065,-80.443],[160.542,-80.425],[160.637,-80.45],[160.603,-80.508],[160.521,-80.583],[160.601,-80.637],[160.823,-80.674],[160.83,-80.73],[160.72,-80.753],[160.503,-80.779],[160.26,-80.787],[160.276,-80.847],[160.607,-80.901],[160.717,-80.907],[160.728,-81.113],[160.717,-81.2],[160.54,-81.242],[160.479,-81.27],[160.47,-81.341],[160.908,-81.39],[161.582,-81.61],[161.73,-81.61],[161.996,-81.653],[162.425,-81.765],[162.577,-81.832],[162.821,-81.866],[162.854,-81.921],[163.004,-81.969],[163.602,-82.121],[163.68,-82.187],[162.427,-82.314],[161.167,-82.408],[161.283,-82.49],[162.644,-82.482],[163.012,-82.535],[163.175,-82.519],[163.269,-82.463],[164.001,-82.397],[164.747,-82.354],[164.98,-82.385],[165.982,-82.63],[166.446,-82.722],[166.742,-82.757],[166.957,-82.765],[167.116,-82.801],[167.271,-82.879],[167.233,-82.952],[167.297,-82.986],[167.404,-82.999],[167.602,-83.047],[167.828,-83.031],[168.092,-82.975],[168.276,-82.987],[168.607,-83.065],[168.482,-83.127],[168.408,-83.155],[168.32,-83.211],[168.24,-83.23],[167.973,-83.243],[167.825,-83.243],[167.674,-83.231],[167.658,-83.272],[167.843,-83.316],[168.11,-83.362],[169.838,-83.399],[170.332,-83.479],[170.817,-83.436],[171.036,-83.448],[171.221,-83.475],[171.289,-83.555],[171.537,-83.581],[171.917,-83.644],[172.45,-83.675],[172.874,-83.673],[173.397,-83.759],[173.662,-83.761],[173.822,-83.81],[175.011,-83.839],[175.187,-83.877],[175.323,-83.94],[175.606,-83.968],[175.911,-83.973],[177.581,-84.075],[178.209,-84.13],[178.353,-84.127],[178.496,-84.136],[178.944,-84.181],[179.403,-84.206],[179.62,-84.268],[180,-84.352],[180,-89.999],[178.594,-89.999],[177.188,-89.999],[175.781,-89.999],[174.375,-89.999],[172.969,-89.999],[171.563,-89.999],[170.156,-89.999],[168.75,-89.999],[167.344,-89.999],[165.938,-89.999],[164.531,-89.999],[163.125,-89.999],[161.719,-89.999],[160.313,-89.999],[158.906,-89.999],[157.5,-89.999],[156.094,-89.999],[154.688,-89.999],[153.281,-89.999],[151.875,-89.999],[150.469,-89.999],[149.063,-89.999],[147.656,-89.999],[146.25,-89.999],[144.844,-89.999],[143.438,-89.999],[142.031,-89.999],[140.625,-89.999],[139.219,-89.999],[137.813,-89.999],[136.406,-89.999],[135,-89.999],[133.594,-89.999],[132.188,-89.999],[130.781,-89.999],[129.375,-89.999],[127.969,-89.999],[126.562,-89.999],[125.156,-89.999],[123.75,-89.999],[122.344,-89.999],[120.938,-89.999],[119.531,-89.999],[118.125,-89.999],[116.719,-89.999],[115.313,-89.999],[113.906,-89.999],[112.5,-89.999],[111.094,-89.999],[109.688,-89.999],[108.281,-89.999],[106.875,-89.999],[105.469,-89.999],[104.063,-89.999],[102.656,-89.999],[101.25,-89.999],[99.844,-89.999],[98.438,-89.999],[97.031,-89.999],[95.625,-89.999],[94.219,-89.999],[92.813,-89.999],[91.406,-89.999],[90,-89.999],[88.594,-89.999],[87.188,-89.999],[85.781,-89.999],[84.375,-89.999],[82.969,-89.999],[81.563,-89.999],[80.156,-89.999],[78.75,-89.999],[77.344,-89.999],[75.938,-89.999],[74.531,-89.999],[73.125,-89.999],[71.719,-89.999],[70.313,-89.999],[68.906,-89.999],[67.5,-89.999],[66.094,-89.999],[64.688,-89.999],[63.281,-89.999],[61.875,-89.999],[60.469,-89.999],[59.063,-89.999],[57.656,-89.999],[56.25,-89.999],[54.844,-89.999],[53.438,-89.999],[52.031,-89.999],[50.625,-89.999],[49.219,-89.999],[47.813,-89.999],[46.406,-89.999],[45,-89.999],[43.594,-89.999],[42.188,-89.999],[40.781,-89.999],[39.375,-89.999],[37.969,-89.999],[36.563,-89.999],[35.156,-89.999],[33.75,-89.999],[32.344,-89.999],[30.938,-89.999],[29.531,-89.999],[28.125,-89.999],[26.719,-89.999],[25.313,-89.999],[23.906,-89.999],[22.5,-89.999],[21.094,-89.999],[19.688,-89.999],[18.281,-89.999],[16.875,-89.999],[15.469,-89.999],[14.063,-89.999],[12.656,-89.999],[11.25,-89.999],[9.844,-89.999],[8.438,-89.999],[7.031,-89.999],[5.625,-89.999],[4.219,-89.999],[2.813,-89.999],[1.406,-89.999],[0,-89.999],[-1.406,-89.999],[-2.812,-89.999],[-4.219,-89.999],[-5.625,-89.999],[-7.031,-89.999],[-8.438,-89.999],[-9.844,-89.999],[-11.25,-89.999],[-12.656,-89.999],[-14.062,-89.999],[-15.469,-89.999],[-16.875,-89.999],[-18.281,-89.999],[-19.687,-89.999],[-21.094,-89.999],[-22.5,-89.999],[-23.906,-89.999],[-25.313,-89.999],[-26.719,-89.999],[-28.125,-89.999],[-29.531,-89.999],[-30.937,-89.999],[-32.344,-89.999],[-33.75,-89.999],[-35.156,-89.999],[-36.562,-89.999],[-37.969,-89.999],[-39.375,-89.999],[-40.781,-89.999],[-42.187,-89.999],[-43.594,-89.999],[-45,-89.999],[-46.406,-89.999],[-47.812,-89.999],[-49.219,-89.999],[-50.625,-89.999],[-52.031,-89.999],[-53.438,-89.999],[-54.844,-89.999],[-56.25,-89.999],[-57.656,-89.999],[-59.062,-89.999],[-60.469,-89.999],[-61.875,-89.999],[-63.281,-89.999],[-64.687,-89.999],[-66.094,-89.999],[-67.5,-89.999],[-68.906,-89.999],[-70.312,-89.999],[-71.719,-89.999],[-73.125,-89.999],[-74.531,-89.999],[-75.937,-89.999],[-77.344,-89.999],[-78.75,-89.999],[-80.156,-89.999],[-81.562,-89.999],[-82.969,-89.999],[-84.375,-89.999],[-85.781,-89.999],[-87.187,-89.999],[-88.594,-89.999],[-90,-89.999],[-91.406,-89.999],[-92.812,-89.999],[-94.219,-89.999],[-95.625,-89.999],[-97.031,-89.999],[-98.437,-89.999],[-99.844,-89.999],[-101.25,-89.999],[-102.656,-89.999],[-104.062,-89.999],[-105.469,-89.999],[-106.875,-89.999],[-108.281,-89.999],[-109.687,-89.999],[-111.094,-89.999],[-112.5,-89.999],[-113.906,-89.999],[-115.312,-89.999],[-116.719,-89.999],[-118.125,-89.999],[-119.531,-89.999],[-120.937,-89.999],[-122.344,-89.999],[-123.75,-89.999],[-125.156,-89.999],[-126.562,-89.999],[-127.969,-89.999],[-129.375,-89.999],[-130.781,-89.999],[-132.187,-89.999],[-133.594,-89.999],[-135,-89.999],[-136.406,-89.999],[-137.812,-89.999],[-139.219,-89.999],[-140.625,-89.999],[-142.031,-89.999],[-143.437,-89.999],[-144.844,-89.999],[-146.25,-89.999],[-147.656,-89.999],[-149.062,-89.999],[-150.469,-89.999],[-151.875,-89.999],[-153.281,-89.999],[-154.688,-89.999],[-156.094,-89.999],[-157.5,-89.999],[-158.906,-89.999],[-160.312,-89.999],[-161.719,-89.999],[-163.125,-89.999],[-164.531,-89.999],[-165.938,-89.999],[-167.344,-89.999],[-168.75,-89.999],[-170.156,-89.999],[-171.562,-89.999],[-172.969,-89.999],[-174.375,-89.999],[-175.781,-89.999],[-177.187,-89.999],[-178.594,-89.999],[-180,-89.999],[-180,-89.583],[-180,-89.293],[-180,-88.587],[-180,-87.881],[-180,-87.175],[-180,-86.469],[-180,-85.763],[-180,-85.058],[-180,-84.352],[-178.39,-84.337],[-178.069,-84.352],[-177.73,-84.395],[-176.986,-84.399],[-176.289,-84.418],[-176.107,-84.475],[-175.875,-84.51],[-175.381,-84.48],[-174.987,-84.465],[-174.663,-84.463],[-171.704,-84.542],[-168.668,-84.684],[-168.049,-84.729],[-167.492,-84.834],[-166.911,-84.819],[-163.464,-84.901],[-162.933,-84.901],[-160.821,-84.987],[-157.127,-85.186],[-156.81,-85.192],[-156.459,-85.186],[-156.643,-85.079],[-156.988,-84.982],[-157.454,-84.912],[-157.15,-84.891],[-156.49,-84.889],[-156.621,-84.84],[-156.986,-84.811],[-158.303,-84.778],[-163.569,-84.529],[-163.685,-84.513],[-163.759,-84.493],[-163.897,-84.47],[-164.114,-84.445],[-164.917,-84.431],[-165.135,-84.41],[-165.24,-84.381],[-165.185,-84.37],[-165.125,-84.375],[-163.899,-84.353],[-163.765,-84.324],[-163.758,-84.305],[-163.821,-84.291],[-164.032,-84.274],[-164.528,-84.191],[-164.685,-84.155],[-164.603,-84.097],[-164.503,-84.072],[-164.124,-84.054],[-164.011,-84.016],[-164.083,-83.946],[-164.951,-83.806],[-165.536,-83.757],[-165.922,-83.79],[-166.649,-83.792],[-167.553,-83.811],[-167.801,-83.791],[-168.053,-83.735],[-168.347,-83.637],[-168.497,-83.611],[-168.785,-83.529],[-169.168,-83.45],[-171.188,-83.256],[-171.539,-83.204],[-174.066,-82.9],[-174.172,-82.848],[-174.236,-82.793],[-173.071,-82.916],[-172.852,-82.917],[-172.593,-82.884],[-172.392,-82.893],[-172.124,-82.862],[-171.821,-82.847],[-171.031,-82.943],[-169.441,-83.096],[-169.016,-83.15],[-168.79,-83.188],[-168.604,-83.202],[-168.418,-83.229],[-168.191,-83.213],[-168.055,-83.227],[-167.724,-83.217],[-166.217,-83.201],[-165.619,-83.216],[-164.916,-83.29],[-164.644,-83.412],[-164.446,-83.468],[-164.058,-83.425],[-163.733,-83.373],[-163.111,-83.329],[-162.912,-83.347],[-162.574,-83.411],[-162.197,-83.519],[-160.595,-83.49],[-159.924,-83.495],[-159.444,-83.543],[-157.699,-83.381],[-157.428,-83.346],[-157.028,-83.234],[-157.356,-83.198],[-157.589,-83.187],[-157.679,-83.129],[-157.522,-83.107],[-157.018,-83.075],[-156.037,-83.027],[-155.459,-82.981],[-155.15,-82.858],[-153.822,-82.669],[-153.399,-82.586],[-153.01,-82.45],[-153.883,-82.177],[-154.717,-81.941],[-154.451,-81.868],[-154.188,-81.811],[-154.061,-81.765],[-153.957,-81.7],[-154.232,-81.623],[-154.485,-81.566],[-154.908,-81.51],[-156.493,-81.377],[-157.033,-81.319],[-156.815,-81.231],[-156.528,-81.162],[-155.921,-81.133],[-152.035,-81.029],[-148.123,-80.901],[-148.023,-80.836],[-148.543,-80.76],[-148.984,-80.742],[-149.147,-80.719],[-149.207,-80.67],[-149.214,-80.604],[-149.264,-80.593],[-149.429,-80.586],[-150.133,-80.51],[-150.282,-80.48],[-150.516,-80.409],[-150.575,-80.354],[-150.435,-80.211],[-150.221,-80.15],[-149.845,-80.118],[-149.578,-80.106],[-148.766,-80.108],[-148.448,-80.091],[-148.317,-80.071],[-148.34,-80.003],[-148.43,-79.971],[-148.433,-79.929],[-148.296,-79.907],[-148.129,-79.908],[-148.083,-79.857],[-148.177,-79.776],[-148.417,-79.731],[-149.051,-79.657],[-150.491,-79.546],[-151.048,-79.46],[-151.368,-79.393],[-151.636,-79.318],[-151.904,-79.281],[-152.091,-79.242],[-152.053,-79.193],[-152.138,-79.116],[-152.244,-79.103],[-152.701,-79.135],[-153.518,-79.117],[-154.518,-79.047],[-155.21,-78.965],[-156.115,-78.745],[-156.469,-78.635],[-156.208,-78.559],[-155.92,-78.51],[-154.716,-78.398],[-154.538,-78.359],[-154.293,-78.259],[-154.695,-78.217],[-155.037,-78.221],[-155.342,-78.192],[-156.569,-78.186],[-157.267,-78.2],[-157.848,-78.074],[-158.286,-77.951],[-158.407,-77.888],[-158.5,-77.778],[-158.351,-77.615],[-158.23,-77.498],[-158.246,-77.354],[-158.214,-77.157],[-158.003,-77.091],[-157.842,-77.079],[-157.465,-77.231],[-157.139,-77.242],[-156.668,-77.213],[-156.368,-77.135],[-156.211,-77.106],[-155.92,-77.098],[-155.359,-77.133],[-155.102,-77.12],[-154.815,-77.127],[-153.91,-77.227],[-153.713,-77.274],[-153.606,-77.31],[-153.573,-77.363],[-153.461,-77.416],[-153.077,-77.442],[-151.998,-77.413],[-151.719,-77.426],[-150.956,-77.574],[-150.306,-77.731],[-150.084,-77.771],[-149.718,-77.797],[-149.588,-77.774],[-149.474,-77.715],[-149.126,-77.643],[-148.34,-77.551],[-148.156,-77.462],[-148.26,-77.413],[-148.559,-77.361],[-148.744,-77.343],[-148.844,-77.284],[-148.839,-77.202],[-148.777,-77.125],[-148.572,-77.105],[-148.196,-77.211],[-147.73,-77.31],[-147.566,-77.325],[-147.442,-77.321],[-147.207,-77.286],[-146.928,-77.26],[-146.391,-77.472],[-146.074,-77.487],[-145.677,-77.488],[-145.601,-77.455],[-145.65,-77.398],[-145.714,-77.338],[-145.794,-77.33],[-145.808,-77.273],[-145.635,-77.221],[-145.516,-77.199],[-145.563,-77.162],[-145.753,-77.103],[-145.864,-77.094],[-145.967,-77.069],[-145.934,-77.029],[-145.806,-77.012],[-145.629,-76.954],[-145.686,-76.884],[-145.676,-76.797],[-145.75,-76.749],[-146.166,-76.658],[-146.777,-76.507],[-147.34,-76.438],[-148.601,-76.493],[-149.046,-76.458],[-149.34,-76.419],[-149.654,-76.365],[-149.285,-76.311],[-148.895,-76.272],[-148.78,-76.238],[-148.632,-76.168],[-148.459,-76.118],[-148.32,-76.104],[-147.86,-76.131],[-146.817,-76.318],[-146.597,-76.338],[-145.886,-76.424],[-145.687,-76.429],[-145.442,-76.409],[-145.642,-76.326],[-145.86,-76.267],[-146.383,-76.1],[-146.323,-76.02],[-145.988,-75.889],[-145.106,-75.879],[-144.721,-75.832],[-144.221,-75.731],[-143.574,-75.564],[-143.022,-75.543],[-142.33,-75.491],[-142.094,-75.53],[-141.506,-75.69],[-141.135,-75.746],[-141.009,-75.751],[-140.874,-75.746],[-141.223,-75.546],[-140.999,-75.52],[-140.709,-75.498],[-140.471,-75.447],[-140.294,-75.406],[-139.691,-75.213],[-139.149,-75.16],[-137.618,-75.076],[-137.09,-75.153],[-136.65,-75.162],[-136.55,-75.139],[-136.462,-75.036],[-136.228,-74.836],[-136.03,-74.765],[-135.362,-74.69],[-134.84,-74.694],[-134.465,-74.776],[-134.117,-74.83],[-133.796,-74.855],[-133.475,-74.852],[-132.992,-74.806],[-132.351,-74.789],[-132.049,-74.766],[-131.707,-74.811],[-130.857,-74.826],[-130.196,-74.891],[-129.791,-74.891],[-129.238,-74.829],[-128.941,-74.82],[-127.863,-74.719],[-127.02,-74.698],[-126.384,-74.743],[-125.353,-74.715],[-124.312,-74.736],[-123.889,-74.773],[-121.544,-74.75],[-119.677,-74.655],[-119.422,-74.622],[-119.022,-74.518],[-118.803,-74.422],[-118.656,-74.393],[-118.342,-74.382],[-117.806,-74.403],[-117.068,-74.473],[-116.433,-74.447],[-115.223,-74.487],[-115.105,-74.455],[-114.991,-74.275],[-114.791,-73.989],[-114.624,-73.903],[-114.346,-73.925],[-113.508,-74.089],[-113.489,-74.158],[-113.575,-74.208],[-113.714,-74.228],[-113.753,-74.367],[-113.641,-74.406],[-113.454,-74.394],[-113.333,-74.454],[-113.597,-74.559],[-113.783,-74.618],[-113.903,-74.644],[-113.985,-74.843],[-114.097,-74.909],[-114.11,-74.982],[-113.932,-74.982],[-113.753,-74.952],[-113.593,-74.944],[-113.092,-74.892],[-112.17,-74.832],[-111.868,-74.801],[-111.696,-74.792],[-111.584,-74.751],[-111.739,-74.653],[-111.789,-74.572],[-111.696,-74.504],[-111.722,-74.387],[-111.806,-74.27],[-111.63,-74.181],[-111.467,-74.201],[-111.18,-74.188],[-111.02,-74.23],[-110.77,-74.269],[-110.534,-74.289],[-110.307,-74.367],[-110.23,-74.536],[-110.3,-74.711],[-110.532,-74.836],[-110.968,-74.951],[-111.463,-75.133],[-111.359,-75.22],[-111.104,-75.191],[-109.99,-75.199],[-109.272,-75.185],[-108.822,-75.207],[-108.254,-75.253],[-107.805,-75.322],[-107.267,-75.334],[-106.932,-75.309],[-106.619,-75.344],[-105.399,-75.198],[-104.902,-75.115],[-104.618,-75.156],[-104.16,-75.121],[-103.901,-75.153],[-103.425,-75.101],[-103.121,-75.095],[-102.771,-75.117],[-101.708,-75.127],[-101.628,-75.222],[-101.304,-75.366],[-101.039,-75.422],[-100.706,-75.398],[-100.463,-75.353],[-100.083,-75.37],[-99.531,-75.309],[-98.98,-75.327],[-98.752,-75.317],[-98.646,-75.277],[-98.558,-75.19],[-98.727,-75.141],[-99.208,-75.079],[-99.652,-74.949],[-99.849,-74.922],[-100.164,-74.938],[-100.313,-74.914],[-100.473,-74.872],[-100.265,-74.823],[-100.013,-74.662],[-100.119,-74.515],[-100.238,-74.484],[-100.531,-74.489],[-100.882,-74.541],[-101.023,-74.505],[-101.252,-74.486],[-101.343,-74.35],[-101.587,-74.096],[-101.715,-74.024],[-102.105,-73.958],[-102.441,-73.926],[-102.766,-73.884],[-102.863,-73.784],[-102.8,-73.646],[-102.411,-73.616],[-102.037,-73.631],[-101.828,-73.655],[-101.587,-73.667],[-101.311,-73.695],[-101.13,-73.735],[-100.985,-73.757],[-100.718,-73.758],[-99.781,-73.72],[-99.656,-73.694],[-99.541,-73.645],[-99.343,-73.634],[-99.162,-73.641],[-98.896,-73.611],[-99.2,-73.571],[-99.528,-73.495],[-100.021,-73.403],[-100.436,-73.353],[-101.189,-73.318],[-101.574,-73.33],[-101.816,-73.311],[-102.675,-73.321],[-102.909,-73.285],[-103.076,-73.185],[-103.308,-72.945],[-103.375,-72.819],[-103.217,-72.772],[-103.11,-72.721],[-102.856,-72.716],[-102.485,-72.736],[-102.363,-72.76],[-102.272,-72.835],[-102.363,-72.911],[-102.482,-72.951],[-102.409,-72.987],[-102.029,-72.998],[-101.842,-73.021],[-101.681,-73.03],[-101.332,-72.995],[-100.821,-72.981],[-100.564,-73.016],[-100.259,-73.041],[-99.811,-73],[-98.209,-73.022],[-98.012,-73.033],[-97.819,-73.102],[-97.651,-73.144],[-97.476,-73.126],[-96.956,-73.206],[-96.676,-73.269],[-96.394,-73.301],[-96.152,-73.309],[-95.881,-73.294],[-95.529,-73.241],[-95.237,-73.22],[-95.03,-73.239],[-94.586,-73.25],[-94.246,-73.313],[-93.985,-73.287],[-93.706,-73.215],[-92.828,-73.165],[-92.241,-73.178],[-91.169,-73.307],[-90.921,-73.319],[-90.431,-73.243],[-90.274,-73.119],[-90.295,-72.978],[-90.152,-72.945],[-90.035,-72.96],[-89.818,-72.863],[-89.522,-72.871],[-89.341,-72.89],[-89.229,-72.826],[-89.127,-72.693],[-88.78,-72.683],[-88.527,-72.702],[-88.194,-72.787],[-88.195,-72.859],[-88.332,-72.934],[-88.561,-73.121],[-88.419,-73.229],[-88.205,-73.22],[-87.936,-73.241],[-87.608,-73.195],[-87.401,-73.192],[-87.038,-73.354],[-86.791,-73.364],[-86.602,-73.354],[-85.981,-73.208],[-85.801,-73.192],[-85.582,-73.259],[-85.261,-73.413],[-84.981,-73.502],[-84.571,-73.557],[-84.214,-73.573],[-83.796,-73.645],[-83.565,-73.706],[-83.042,-73.707],[-82.815,-73.732],[-82.183,-73.857],[-81.606,-73.796],[-81.309,-73.738],[-81.163,-73.632],[-81.236,-73.474],[-81.262,-73.315],[-81.176,-73.249],[-81.024,-73.236],[-80.336,-73.414],[-80.38,-73.308],[-80.439,-73.225],[-80.614,-73.083],[-80.588,-72.978],[-80.442,-72.945],[-80.152,-73],[-79.808,-73.028],[-79.522,-73.09],[-78.964,-73.312],[-78.786,-73.507],[-78.408,-73.556],[-78.144,-73.547],[-77.846,-73.515],[-77.444,-73.488],[-77.136,-73.496],[-76.85,-73.46],[-76.765,-73.566],[-77.033,-73.718],[-77.135,-73.818],[-77.049,-73.844],[-76.887,-73.821],[-76.755,-73.789],[-76.291,-73.805],[-75.916,-73.736],[-75.595,-73.711],[-75.293,-73.639],[-75.044,-73.645],[-74.855,-73.658],[-74.594,-73.715],[-74.345,-73.684],[-74.197,-73.696],[-73.996,-73.7],[-72.929,-73.448],[-72.687,-73.452],[-72.381,-73.438],[-71.994,-73.379],[-71.698,-73.353],[-71.453,-73.354],[-71.017,-73.263],[-70.323,-73.274],[-69.969,-73.226],[-69.282,-73.17],[-68.821,-73.105],[-68,-72.936],[-67.667,-72.835],[-67.307,-72.611],[-67.08,-72.388],[-66.828,-72.09],[-66.952,-71.897],[-67.084,-71.812],[-67.196,-71.719],[-67.46,-71.527],[-67.53,-71.285],[-67.505,-71.058],[-67.598,-70.845],[-67.692,-70.686],[-67.888,-70.422],[-68.126,-70.25],[-68.403,-70.02],[-68.404,-69.809],[-68.47,-69.644],[-68.638,-69.526],[-68.708,-69.432],[-68.58,-69.413],[-68.462,-69.384],[-68.141,-69.348],[-67.372,-69.412],[-67.304,-69.318],[-67.11,-69.248],[-66.975,-69.161],[-67.021,-69.029],[-67.188,-68.974],[-67.391,-68.861],[-67.299,-68.771],[-67.134,-68.771],[-67.054,-68.671],[-67.117,-68.575],[-67.041,-68.453],[-66.894,-68.298],[-66.793,-68.24],[-66.978,-68.147],[-67.15,-68.025],[-67.107,-67.93],[-67.021,-67.831],[-66.915,-67.693],[-66.77,-67.593],[-66.677,-67.56],[-66.705,-67.527],[-66.923,-67.492],[-67.124,-67.485],[-67.487,-67.547],[-67.545,-67.535],[-67.565,-67.503],[-67.586,-67.435],[-67.55,-67.269],[-67.493,-67.113],[-67.44,-67.091],[-67.299,-67.071],[-67.16,-66.952],[-67.034,-66.945],[-66.955,-66.985],[-66.929,-67.144],[-66.886,-67.18],[-66.902,-67.256],[-66.836,-67.282],[-66.757,-67.233],[-66.61,-67.209],[-66.552,-67.263],[-66.499,-67.289],[-66.472,-67.243],[-66.491,-67.114],[-66.515,-67.062],[-66.533,-66.979],[-66.502,-66.94],[-66.465,-66.875],[-66.527,-66.741],[-66.504,-66.69],[-66.371,-66.609],[-66.307,-66.592],[-66.182,-66.592],[-65.954,-66.646],[-65.847,-66.65],[-65.766,-66.625],[-65.718,-66.573],[-65.678,-66.403],[-65.776,-66.343],[-65.775,-66.288],[-65.717,-66.254],[-65.617,-66.135],[-65.465,-66.129],[-65.316,-66.14],[-65.172,-66.117],[-65.222,-66.068],[-65.267,-65.994],[-65.105,-65.958],[-64.999,-65.946],[-64.722,-65.993],[-64.614,-66.019],[-64.514,-65.96],[-64.547,-65.9],[-64.653,-65.867],[-64.673,-65.814],[-64.647,-65.748],[-64.475,-65.781],[-64.435,-65.768],[-64.39,-65.708],[-64.417,-65.68],[-64.439,-65.641],[-64.213,-65.633],[-64.18,-65.617],[-64.132,-65.571],[-64.066,-65.554],[-63.862,-65.556],[-63.818,-65.532],[-63.798,-65.48],[-63.908,-65.467],[-64.051,-65.417],[-64.071,-65.278],[-64.038,-65.179],[-63.912,-65.093],[-63.76,-65.033],[-63.482,-65.085],[-63.264,-65.073],[-63.178,-65.126],[-63.059,-65.139],[-63.033,-65.08],[-63.086,-65.028],[-63.12,-64.942],[-62.775,-64.842],[-62.665,-64.858],[-62.528,-64.833],[-62.576,-64.756],[-62.503,-64.656],[-62.404,-64.643],[-62.338,-64.729],[-62.243,-64.747],[-62.14,-64.727],[-61.883,-64.625],[-61.756,-64.61],[-61.632,-64.605],[-61.5,-64.546],[-61.47,-64.476],[-61.396,-64.427],[-61.174,-64.362],[-61.082,-64.315],[-60.887,-64.15],[-60.922,-64.108],[-60.864,-64.073],[-60.277,-63.924],[-59.99,-63.91],[-59.51,-63.821],[-59.218,-63.714],[-59.036,-63.67],[-58.872,-63.552],[-58.674,-63.534],[-58.216,-63.451],[-57.868,-63.319],[-57.39,-63.226],[-57.168,-63.235],[-57.077,-63.262],[-57.021,-63.373]]],[[[-45.223,-78.811],[-45.092,-78.814],[-44.566,-78.804],[-44.041,-78.807],[-43.722,-78.818],[-43.627,-78.846],[-43.544,-78.902],[-43.451,-78.99],[-43.364,-79.085],[-43.267,-79.163],[-43.211,-79.3],[-43.119,-79.35],[-42.965,-79.477],[-42.945,-79.579],[-42.99,-79.801],[-43.066,-79.891],[-43.267,-79.979],[-43.496,-79.969],[-43.6,-79.974],[-43.704,-79.99],[-43.742,-80.003],[-43.758,-80.021],[-43.49,-80.096],[-43.459,-80.123],[-43.454,-80.155],[-43.489,-80.178],[-43.528,-80.191],[-49.187,-80.643],[-49.41,-80.667],[-49.63,-80.712],[-49.701,-80.753],[-49.773,-80.784],[-54.162,-80.87],[-54.202,-80.864],[-54.241,-80.847],[-54.351,-80.76],[-54.372,-80.624],[-54.347,-80.569],[-54.13,-80.517],[-54.045,-80.487],[-53.676,-80.284],[-53.482,-80.189],[-53.394,-80.109],[-53.346,-80.114],[-53.176,-80.161],[-53.053,-80.175],[-52.807,-80.156],[-52.567,-80.099],[-52.461,-80.067],[-52.357,-80.078],[-52.338,-80.126],[-52.297,-80.141],[-51.711,-79.99],[-51.184,-79.82],[-50.664,-79.627],[-50.402,-79.512],[-50.339,-79.479],[-50.295,-79.43],[-50.331,-79.381],[-50.379,-79.338],[-50.42,-79.321],[-50.464,-79.313],[-50.733,-79.283],[-50.649,-79.233],[-50.573,-79.172],[-50.52,-79.104],[-50.502,-79.022],[-50.514,-78.98],[-50.502,-78.95],[-50.38,-78.923],[-50.298,-78.882],[-50.242,-78.833],[-50.335,-78.818],[-50.377,-78.78],[-50.294,-78.696],[-50.22,-78.605],[-50.142,-78.557],[-49.94,-78.462],[-49.354,-78.222],[-49.144,-78.094],[-49.081,-78.047],[-47.692,-77.84],[-47.463,-77.819],[-47.03,-77.791],[-46.826,-77.785],[-46.258,-77.805],[-45.993,-77.827],[-45.53,-77.881],[-44.852,-77.988],[-44.594,-78.035],[-44.34,-78.093],[-44.094,-78.167],[-43.854,-78.258],[-43.809,-78.287],[-43.785,-78.336],[-43.777,-78.385],[-43.788,-78.433],[-43.852,-78.53],[-43.947,-78.598],[-45.068,-78.661],[-45.213,-78.687],[-45.295,-78.74],[-45.352,-78.791],[-45.223,-78.811]]],[[[-59.734,-80.344],[-59.774,-80.558],[-59.771,-80.657],[-59.825,-80.733],[-59.926,-80.774],[-60.125,-80.841],[-60.268,-80.881],[-60.583,-80.948],[-62.023,-80.889],[-62.671,-80.834],[-62.94,-80.766],[-62.986,-80.735],[-63.068,-80.627],[-63.144,-80.595],[-63.715,-80.617],[-64.065,-80.65],[-64.126,-80.668],[-64.22,-80.734],[-64.268,-80.749],[-65.203,-80.607],[-66.184,-80.442],[-66.591,-80.358],[-66.734,-80.319],[-66.771,-80.294],[-66.681,-80.26],[-66.588,-80.239],[-66.483,-80.224],[-66.377,-80.222],[-66.296,-80.235],[-66.217,-80.258],[-66.168,-80.346],[-66.115,-80.361],[-65.98,-80.384],[-62.519,-80.373],[-62.232,-80.369],[-61.633,-80.344],[-61.313,-80.307],[-61.194,-80.257],[-61.485,-80.244],[-61.597,-80.206],[-61.694,-80.134],[-61.717,-80.069],[-61.684,-80.02],[-61.302,-79.996],[-61.246,-79.978],[-61.346,-79.951],[-61.343,-79.887],[-61.115,-79.862],[-61.026,-79.809],[-60.579,-79.741],[-59.873,-79.777],[-59.706,-79.875],[-59.752,-79.938],[-59.786,-80.001],[-59.788,-80.101],[-59.498,-80.115],[-59.408,-80.151],[-59.322,-80.196],[-59.427,-80.198],[-59.53,-80.208],[-59.612,-80.255],[-59.683,-80.315],[-59.734,-80.344]]],[[[-70.051,-69.189],[-70.079,-69.311],[-69.913,-69.267],[-69.855,-69.277],[-69.708,-69.321],[-69.417,-69.583],[-69.353,-69.666],[-69.234,-69.909],[-69.091,-70.09],[-68.731,-70.408],[-68.554,-70.581],[-68.459,-70.683],[-68.451,-70.818],[-68.336,-70.856],[-68.314,-70.912],[-68.278,-71.097],[-68.252,-71.313],[-68.228,-71.725],[-68.241,-71.822],[-68.394,-71.975],[-68.461,-72.085],[-68.543,-72.158],[-68.64,-72.21],[-69.149,-72.427],[-69.209,-72.534],[-70.063,-72.626],[-70.543,-72.664],[-70.731,-72.623],[-70.923,-72.613],[-71.159,-72.627],[-71.846,-72.639],[-72.367,-72.67],[-72.433,-72.658],[-72.48,-72.617],[-72.531,-72.59],[-72.67,-72.596],[-72.78,-72.581],[-72.888,-72.547],[-73.007,-72.484],[-73.057,-72.448],[-73.086,-72.408],[-72.855,-72.304],[-72.737,-72.281],[-72.618,-72.275],[-72.376,-72.296],[-72.135,-72.331],[-71.605,-72.359],[-70.873,-72.366],[-70.671,-72.356],[-70.428,-72.323],[-70.206,-72.228],[-70.314,-72.191],[-70.424,-72.168],[-70.533,-72.163],[-70.641,-72.17],[-70.945,-72.229],[-71.178,-72.264],[-71.413,-72.284],[-71.661,-72.25],[-71.892,-72.153],[-71.898,-72.121],[-71.107,-72.047],[-71.034,-72.035],[-70.891,-71.987],[-70.845,-71.946],[-70.821,-71.907],[-71.355,-71.836],[-71.465,-71.838],[-71.574,-71.851],[-71.816,-71.822],[-72.046,-71.74],[-72.259,-71.641],[-72.337,-71.632],[-72.412,-71.662],[-72.928,-71.922],[-72.972,-71.924],[-73.167,-71.905],[-73.41,-71.853],[-73.633,-71.835],[-73.776,-71.849],[-73.83,-71.87],[-73.691,-71.929],[-73.572,-71.981],[-73.537,-72.022],[-73.899,-72.152],[-73.996,-72.17],[-74.153,-72.159],[-74.209,-72.142],[-74.322,-72.073],[-74.429,-72.056],[-74.663,-72.07],[-74.786,-72.064],[-74.908,-72.033],[-75.024,-71.988],[-75.13,-71.964],[-75.259,-71.914],[-75.353,-71.878],[-75.383,-71.828],[-75.373,-71.78],[-75.331,-71.752],[-75.325,-71.726],[-75.353,-71.68],[-75.335,-71.645],[-75.293,-71.615],[-75.1,-71.555],[-74.863,-71.543],[-74.636,-71.617],[-74.487,-71.642],[-74.419,-71.643],[-74.392,-71.638],[-74.373,-71.618],[-74.38,-71.579],[-74.42,-71.507],[-74.425,-71.457],[-74.375,-71.415],[-74.308,-71.4],[-74.236,-71.388],[-74.187,-71.383],[-74.041,-71.41],[-73.937,-71.438],[-73.724,-71.517],[-73.545,-71.573],[-73.479,-71.579],[-73.427,-71.559],[-73.38,-71.528],[-73.592,-71.448],[-73.617,-71.397],[-73.604,-71.351],[-73.474,-71.325],[-73.397,-71.321],[-73.02,-71.369],[-72.821,-71.384],[-72.622,-71.388],[-72.212,-71.335],[-72.43,-71.275],[-72.905,-71.223],[-72.995,-71.187],[-73.06,-71.127],[-72.71,-71.073],[-72.356,-71.075],[-71.719,-71.145],[-71.504,-71.112],[-71.308,-71.011],[-71.194,-70.985],[-70.741,-70.993],[-70.381,-70.946],[-70.323,-70.951],[-70.268,-70.965],[-69.916,-71.134],[-69.87,-71.126],[-69.835,-71.093],[-69.823,-71.034],[-69.823,-70.973],[-69.83,-70.914],[-69.876,-70.876],[-69.933,-70.88],[-69.993,-70.897],[-70.094,-70.883],[-70.196,-70.851],[-70.299,-70.836],[-70.661,-70.818],[-70.917,-70.786],[-71.049,-70.762],[-71.173,-70.713],[-71.19,-70.66],[-71.061,-70.537],[-70.562,-70.404],[-70.328,-70.361],[-70.09,-70.351],[-69.975,-70.36],[-69.702,-70.415],[-69.66,-70.412],[-69.618,-70.398],[-69.883,-70.305],[-70.118,-70.234],[-70.234,-70.18],[-70.328,-70.16],[-70.72,-70.139],[-70.926,-70.192],[-71.024,-70.201],[-71.121,-70.196],[-71.696,-70.068],[-71.729,-70.054],[-71.81,-70.005],[-71.854,-69.969],[-71.879,-69.909],[-71.868,-69.847],[-71.852,-69.807],[-71.767,-69.649],[-71.718,-69.524],[-71.743,-69.423],[-71.834,-69.367],[-71.963,-69.329],[-72.081,-69.267],[-72.114,-69.225],[-72.135,-69.177],[-72.138,-69.115],[-72.109,-69.06],[-72.058,-69.001],[-71.99,-68.971],[-71.869,-68.941],[-71.392,-68.874],[-70.417,-68.789],[-70.312,-68.832],[-70.154,-68.923],[-70.105,-68.959],[-70.053,-69.14],[-70.051,-69.189]]],[[[-98.091,-71.912],[-98.176,-72.018],[-98.168,-72.123],[-97.923,-72.117],[-97.816,-71.919],[-97.585,-71.883],[-97.473,-72],[-97.582,-72.095],[-97.526,-72.149],[-97.46,-72.188],[-97.345,-72.189],[-97.242,-72.132],[-97.196,-72.091],[-97.155,-72.045],[-97.089,-71.944],[-96.869,-71.851],[-96.383,-71.836],[-96.125,-71.896],[-96.298,-72.045],[-96.715,-72.132],[-96.979,-72.222],[-96.89,-72.247],[-96.799,-72.259],[-96.718,-72.255],[-96.482,-72.208],[-95.906,-72.122],[-95.685,-72.057],[-95.609,-72.068],[-95.61,-72.175],[-95.531,-72.249],[-95.575,-72.41],[-95.826,-72.439],[-96.078,-72.454],[-96.014,-72.525],[-96.03,-72.554],[-96.052,-72.577],[-96.693,-72.548],[-96.804,-72.558],[-96.915,-72.578],[-97.028,-72.574],[-97.25,-72.521],[-97.366,-72.522],[-97.596,-72.548],[-97.828,-72.557],[-98.163,-72.556],[-98.408,-72.548],[-98.641,-72.49],[-98.882,-72.473],[-99.149,-72.472],[-99.434,-72.407],[-99.672,-72.38],[-100.014,-72.312],[-100.104,-72.287],[-100.195,-72.273],[-100.357,-72.278],[-101.602,-72.176],[-101.785,-72.178],[-101.903,-72.19],[-102.022,-72.185],[-102.265,-72.135],[-102.314,-72.081],[-102.288,-72.032],[-102.237,-72.009],[-102.128,-71.985],[-100.401,-71.866],[-100.219,-71.833],[-100.085,-71.837],[-99.985,-71.939],[-99.833,-72.046],[-99.784,-72.044],[-99.735,-72.033],[-99.563,-71.945],[-99.254,-71.972],[-99.082,-71.933],[-98.965,-71.854],[-98.615,-71.764],[-98.394,-71.782],[-98.189,-71.82],[-98.091,-71.912]]],[[[-120.556,-73.756],[-120.378,-73.856],[-120.312,-73.922],[-120.272,-73.989],[-120.99,-74.157],[-121.019,-74.173],[-121.054,-74.26],[-121.036,-74.279],[-121.005,-74.293],[-121.002,-74.326],[-121.062,-74.337],[-122.287,-74.403],[-122.859,-74.343],[-122.938,-74.302],[-122.956,-74.24],[-122.891,-74.227],[-122.765,-74.219],[-122.794,-74.19],[-122.875,-74.141],[-122.881,-74.099],[-122.71,-73.994],[-122.625,-73.966],[-122.951,-73.867],[-122.992,-73.844],[-123.035,-73.838],[-123.191,-73.849],[-123.346,-73.843],[-123.292,-73.803],[-123.249,-73.739],[-123.112,-73.682],[-123.012,-73.673],[-122.91,-73.68],[-122.436,-73.682],[-121.967,-73.712],[-121.497,-73.733],[-120.722,-73.752],[-120.556,-73.756]]],[[[-126.33,-73.286],[-126.065,-73.315],[-125.976,-73.357],[-125.857,-73.388],[-125.736,-73.406],[-125.627,-73.453],[-125.561,-73.536],[-125.504,-73.562],[-125.326,-73.618],[-125.264,-73.666],[-125.276,-73.691],[-125.612,-73.711],[-125.723,-73.703],[-125.828,-73.718],[-125.86,-73.749],[-125.857,-73.78],[-125.799,-73.802],[-125.674,-73.822],[-125.552,-73.82],[-125.327,-73.796],[-125.224,-73.801],[-125.109,-73.826],[-124.993,-73.83],[-124.694,-73.75],[-124.617,-73.735],[-124.54,-73.74],[-124.129,-73.834],[-124.042,-73.88],[-124.101,-73.907],[-124.152,-73.944],[-124.129,-73.971],[-123.932,-74.008],[-123.851,-74.057],[-123.8,-74.076],[-123.811,-74.117],[-123.839,-74.168],[-123.837,-74.226],[-123.937,-74.256],[-123.982,-74.256],[-124.199,-74.226],[-124.873,-74.208],[-125.09,-74.182],[-125.421,-74.07],[-125.549,-74.063],[-125.683,-74.035],[-125.887,-73.955],[-126.244,-73.891],[-126.472,-73.812],[-126.466,-73.746],[-126.496,-73.7],[-126.538,-73.68],[-126.583,-73.67],[-126.711,-73.654],[-126.838,-73.657],[-126.902,-73.677],[-127.006,-73.726],[-127.122,-73.734],[-127.212,-73.724],[-127.232,-73.713],[-127.233,-73.586],[-127.332,-73.567],[-127.414,-73.516],[-127.429,-73.447],[-127.394,-73.382],[-127.268,-73.304],[-127.124,-73.294],[-126.978,-73.308],[-126.83,-73.291],[-126.597,-73.279],[-126.33,-73.286]]],[[[-159.053,-79.807],[-160.302,-79.845],[-160.807,-79.812],[-161.866,-79.704],[-163.317,-79.505],[-163.712,-79.442],[-163.971,-79.389],[-164.226,-79.321],[-164.282,-79.246],[-164.245,-79.138],[-164.2,-79.051],[-164.126,-78.995],[-163.815,-78.929],[-163.66,-78.856],[-163.345,-78.78],[-163.256,-78.722],[-163.124,-78.719],[-162.873,-78.725],[-162.622,-78.742],[-162.39,-78.76],[-162.161,-78.793],[-161.643,-78.901],[-161.283,-79.007],[-160.764,-79.132],[-160.25,-79.271],[-159.964,-79.324],[-159.684,-79.402],[-159.419,-79.508],[-159.366,-79.545],[-159.256,-79.591],[-159.19,-79.637],[-159.119,-79.675],[-159.051,-79.695],[-158.997,-79.735],[-159.01,-79.78],[-159.053,-79.807]]],[[[167.084,-77.322],[167.461,-77.394],[168.451,-77.386],[169.276,-77.455],[169.353,-77.525],[169.117,-77.561],[168.755,-77.653],[168.519,-77.681],[168.323,-77.683],[167.918,-77.644],[167.392,-77.649],[167.279,-77.703],[167.025,-77.756],[166.729,-77.851],[166.65,-77.774],[166.533,-77.7],[166.237,-77.547],[166.217,-77.525],[166.378,-77.494],[166.458,-77.444],[166.626,-77.377],[166.607,-77.336],[166.469,-77.289],[166.413,-77.252],[166.506,-77.189],[166.716,-77.162],[166.987,-77.187],[167.107,-77.271],[167.085,-77.307],[167.084,-77.322]]],[[[-31.119,-79.798],[-30.985,-79.818],[-30.841,-79.771],[-30.861,-79.726],[-30.78,-79.647],[-30.66,-79.733],[-29.871,-79.823],[-29.614,-79.91],[-29.721,-79.93],[-29.8,-79.926],[-30.029,-79.936],[-30.422,-80.011],[-30.844,-79.938],[-31.594,-79.888],[-31.824,-79.85],[-32,-79.732],[-31.68,-79.634],[-31.605,-79.645],[-31.119,-79.798]]],[[[-33.934,-79.32],[-34.05,-79.357],[-36.481,-79.294],[-36.601,-79.283],[-36.566,-79.209],[-36.238,-79.196],[-36.048,-79.181],[-35.79,-79.149],[-35.597,-79.092],[-35.535,-79.09],[-34.392,-79.223],[-33.995,-79.279],[-33.947,-79.305],[-33.934,-79.32]]],[[[-70.334,-79.68],[-70.553,-79.683],[-70.984,-79.674],[-71.414,-79.64],[-71.526,-79.624],[-71.687,-79.568],[-71.735,-79.539],[-71.778,-79.501],[-71.784,-79.444],[-71.667,-79.246],[-71.454,-79.129],[-71.254,-79.06],[-70.626,-78.902],[-70.544,-78.884],[-69.972,-78.809],[-69.748,-78.769],[-69.398,-78.686],[-67.479,-78.362],[-67.038,-78.316],[-66.84,-78.35],[-66.728,-78.384],[-66.787,-78.422],[-67.046,-78.514],[-67.166,-78.57],[-67.481,-78.682],[-68.157,-78.871],[-68.638,-79.013],[-69.251,-79.21],[-69.394,-79.28],[-69.686,-79.443],[-69.634,-79.518],[-69.732,-79.618],[-70.116,-79.666],[-70.334,-79.68]]],[[[-57.846,-64.054],[-57.809,-64.068],[-57.774,-64.062],[-57.741,-64.048],[-57.71,-64.015],[-57.593,-63.967],[-57.48,-63.962],[-57.517,-64.011],[-57.249,-64.097],[-57.273,-64.166],[-57.222,-64.221],[-57.328,-64.238],[-57.414,-64.296],[-57.338,-64.318],[-57.295,-64.367],[-57.388,-64.379],[-57.581,-64.35],[-57.683,-64.357],[-57.671,-64.311],[-57.703,-64.293],[-57.823,-64.302],[-57.871,-64.401],[-57.91,-64.41],[-57.952,-64.394],[-57.921,-64.331],[-57.971,-64.32],[-58.022,-64.322],[-58.169,-64.369],[-58.214,-64.37],[-58.304,-64.315],[-58.02,-64.242],[-58.138,-64.206],[-58.162,-64.161],[-58.147,-64.097],[-58.25,-64.107],[-58.352,-64.131],[-58.398,-64.135],[-58.438,-64.113],[-58.425,-64.068],[-58.342,-63.994],[-58.275,-63.916],[-58.146,-63.878],[-58.07,-63.847],[-57.971,-63.835],[-57.926,-63.806],[-57.831,-63.804],[-57.779,-63.868],[-57.781,-63.907],[-57.827,-63.949],[-57.846,-64.054]]],[[[-55.528,-63.174],[-55.466,-63.2],[-55.216,-63.199],[-55.156,-63.205],[-55.106,-63.249],[-55.075,-63.324],[-55.157,-63.353],[-55.594,-63.336],[-55.75,-63.297],[-55.83,-63.298],[-56.009,-63.342],[-56.083,-63.383],[-56.379,-63.437],[-56.463,-63.418],[-56.499,-63.358],[-56.505,-63.334],[-56.475,-63.318],[-56.461,-63.302],[-56.466,-63.283],[-56.385,-63.234],[-56.042,-63.157],[-55.59,-63.128],[-55.529,-63.157],[-55.528,-63.174]]],[[[-57.978,-61.912],[-57.849,-61.94],[-57.738,-61.921],[-57.677,-61.942],[-57.637,-61.998],[-57.64,-62.02],[-57.807,-62.012],[-57.963,-62.078],[-58.148,-62.063],[-58.172,-62.118],[-58.133,-62.146],[-58.183,-62.17],[-58.341,-62.119],[-58.467,-62.137],[-58.507,-62.226],[-58.562,-62.244],[-58.594,-62.248],[-58.644,-62.225],[-58.746,-62.218],[-58.755,-62.206],[-58.819,-62.171],[-59.004,-62.21],[-58.955,-62.164],[-58.71,-62.045],[-58.684,-62.008],[-58.399,-61.938],[-58.265,-61.953],[-57.978,-61.912]]],[[[-63.181,-64.47],[-63.277,-64.573],[-63.131,-64.572],[-63.032,-64.535],[-62.928,-64.519],[-62.837,-64.572],[-63.026,-64.611],[-63.203,-64.68],[-63.275,-64.717],[-63.355,-64.734],[-63.458,-64.727],[-63.558,-64.734],[-63.647,-64.803],[-63.74,-64.834],[-63.77,-64.808],[-63.804,-64.792],[-64.007,-64.769],[-64.099,-64.733],[-64.184,-64.71],[-64.272,-64.698],[-64.226,-64.635],[-64.171,-64.582],[-63.867,-64.51],[-63.897,-64.487],[-63.916,-64.457],[-63.674,-64.421],[-63.668,-64.384],[-63.683,-64.343],[-63.606,-64.314],[-63.534,-64.273],[-63.486,-64.261],[-63.334,-64.266],[-63.23,-64.324],[-63.271,-64.381],[-63.181,-64.47]]],[[[-62.326,-64.424],[-62.396,-64.465],[-62.455,-64.472],[-62.508,-64.454],[-62.58,-64.514],[-62.727,-64.496],[-62.782,-64.479],[-62.747,-64.472],[-62.721,-64.445],[-62.643,-64.392],[-62.504,-64.253],[-62.48,-64.211],[-62.59,-64.14],[-62.611,-64.116],[-62.586,-64.076],[-62.545,-64.046],[-62.451,-64.012],[-62.329,-64.013],[-62.268,-64.04],[-62.269,-64.09],[-62.058,-64.138],[-62.094,-64.235],[-62.174,-64.296],[-62.186,-64.369],[-62.304,-64.401],[-62.326,-64.424]]],[[[-67.988,-67.474],[-68.093,-67.539],[-68.175,-67.558],[-68.25,-67.54],[-68.325,-67.532],[-68.381,-67.555],[-68.439,-67.656],[-68.507,-67.707],[-68.58,-67.733],[-68.622,-67.723],[-68.664,-67.723],[-68.734,-67.746],[-68.818,-67.753],[-68.901,-67.744],[-68.982,-67.68],[-69.098,-67.603],[-69.12,-67.578],[-69.138,-67.515],[-69.133,-67.453],[-69.082,-67.403],[-68.82,-67.234],[-68.734,-67.157],[-68.656,-67.07],[-68.575,-66.993],[-68.417,-66.853],[-68.336,-66.802],[-67.938,-66.657],[-67.831,-66.624],[-67.711,-66.633],[-67.681,-66.709],[-67.741,-66.746],[-67.932,-66.845],[-67.969,-66.982],[-67.968,-67.032],[-67.949,-67.045],[-67.876,-67.062],[-67.828,-67.082],[-67.761,-67.123],[-67.688,-67.147],[-67.848,-67.219],[-67.956,-67.255],[-68.03,-67.3],[-68.175,-67.344],[-68.235,-67.372],[-68.144,-67.382],[-68.007,-67.418],[-67.969,-67.45],[-67.988,-67.474]]],[[[-73.707,-70.635],[-73.55,-70.723],[-73.695,-70.794],[-74.205,-70.924],[-74.505,-70.973],[-74.806,-71.012],[-76.176,-71.132],[-76.271,-71.133],[-76.364,-71.117],[-76.421,-71.09],[-76.512,-70.991],[-76.5,-70.941],[-76.378,-70.894],[-76.249,-70.864],[-76.035,-70.836],[-75.21,-70.773],[-75.127,-70.752],[-75.06,-70.706],[-75.038,-70.651],[-75.007,-70.609],[-74.954,-70.59],[-74.898,-70.591],[-74.79,-70.631],[-74.59,-70.792],[-74.527,-70.77],[-74.469,-70.727],[-74.456,-70.587],[-74.401,-70.576],[-74.225,-70.615],[-74.115,-70.655],[-74.113,-70.577],[-74.038,-70.553],[-73.958,-70.561],[-73.879,-70.578],[-73.707,-70.635]]],[[[-74.987,-69.728],[-74.81,-69.752],[-74.55,-69.861],[-74.465,-69.917],[-74.438,-69.95],[-74.46,-69.972],[-74.578,-69.998],[-74.672,-70.132],[-74.849,-70.179],[-75.268,-70.149],[-75.727,-70.096],[-75.764,-70.085],[-75.804,-70.038],[-75.813,-69.984],[-75.76,-69.916],[-75.681,-69.882],[-75.34,-69.84],[-75.314,-69.817],[-75.265,-69.749],[-75.179,-69.735],[-75.136,-69.741],[-74.987,-69.728]]],[[[-74.354,-73.098],[-74.499,-73.229],[-74.522,-73.244],[-74.668,-73.275],[-74.615,-73.311],[-74.575,-73.328],[-74.551,-73.369],[-74.467,-73.427],[-74.366,-73.464],[-74.452,-73.565],[-74.575,-73.611],[-75.901,-73.333],[-76.003,-73.288],[-76.053,-73.255],[-76.09,-73.203],[-76.096,-73.15],[-76.062,-73.109],[-76.018,-73.085],[-75.898,-73.056],[-75.775,-73.054],[-75.506,-73.109],[-75.468,-73.101],[-75.417,-73.052],[-75.276,-73.05],[-75.244,-73.009],[-75.439,-72.994],[-75.6,-72.953],[-75.702,-72.911],[-75.731,-72.879],[-75.377,-72.82],[-74.474,-72.894],[-74.336,-72.919],[-74.276,-72.951],[-74.224,-72.997],[-74.354,-73.098]]],[[[-91.161,-73.182],[-91.344,-73.207],[-91.511,-73.196],[-91.45,-72.968],[-91.357,-72.909],[-91.382,-72.868],[-91.551,-72.754],[-91.67,-72.624],[-91.612,-72.594],[-91.304,-72.547],[-90.947,-72.556],[-90.807,-72.611],[-90.763,-72.681],[-90.78,-72.732],[-90.895,-72.824],[-90.776,-72.854],[-90.751,-72.917],[-90.776,-72.993],[-90.893,-73.084],[-90.998,-73.137],[-91.161,-73.182]]],[[[167.643,-78.141],[167.517,-78.216],[167.377,-78.249],[166.936,-78.222],[166.626,-78.284],[166.285,-78.306],[166.122,-78.275],[166.051,-78.213],[166.013,-78.131],[166.013,-78.102],[166.111,-78.09],[166.567,-78.148],[166.76,-78.198],[166.864,-78.196],[167.138,-78.13],[167.364,-78.046],[167.422,-78.006],[167.498,-77.992],[167.594,-78.022],[167.64,-78.112],[167.643,-78.141]]],[[[100.981,-65.678],[100.547,-65.701],[100.512,-65.675],[100.351,-65.673],[100.293,-65.651],[100.27,-65.603],[100.324,-65.521],[100.409,-65.466],[100.545,-65.409],[100.607,-65.396],[100.883,-65.378],[101.079,-65.403],[101.221,-65.472],[101.259,-65.528],[101.238,-65.565],[100.981,-65.678]]],[[[26.857,-70.381],[26.793,-70.419],[26.609,-70.412],[26.47,-70.448],[26.358,-70.434],[26.005,-70.373],[25.964,-70.295],[25.954,-70.261],[25.983,-70.2],[26.301,-70.072],[26.426,-70.061],[26.605,-70.078],[26.686,-70.114],[26.737,-70.186],[26.875,-70.33],[26.857,-70.381]]],[[[-5.894,-70.552],[-6.156,-70.612],[-6.181,-70.586],[-6.266,-70.55],[-6.438,-70.453],[-6.244,-70.446],[-6.068,-70.405],[-5.972,-70.421],[-5.95,-70.432],[-5.894,-70.552]]],[[[-3.28,-70.534],[-3.442,-70.535],[-3.49,-70.508],[-3.497,-70.488],[-3.287,-70.344],[-3.173,-70.307],[-2.95,-70.28],[-2.805,-70.288],[-2.714,-70.32],[-2.684,-70.376],[-2.683,-70.462],[-2.738,-70.507],[-3.28,-70.534]]],[[[-66.174,-80.078],[-66.267,-80.081],[-66.319,-80.075],[-66.367,-80.054],[-66.41,-79.973],[-66.904,-79.909],[-66.962,-79.873],[-66.994,-79.793],[-67.077,-79.762],[-67.719,-79.62],[-67.771,-79.589],[-67.809,-79.546],[-67.688,-79.528],[-67.438,-79.56],[-66.979,-79.569],[-66.881,-79.582],[-66.785,-79.608],[-66.274,-79.612],[-66.014,-79.624],[-65.87,-79.738],[-65.579,-79.771],[-65.54,-79.837],[-65.504,-79.954],[-65.899,-80.041],[-65.989,-80.054],[-66.174,-80.078]]],[[[-67.262,-79.453],[-67.434,-79.501],[-68.161,-79.479],[-68.408,-79.464],[-68.549,-79.437],[-68.422,-79.333],[-68.324,-79.298],[-68.233,-79.285],[-68.033,-79.227],[-67.714,-79.214],[-67.475,-79.223],[-67.069,-79.268],[-67.173,-79.312],[-67.24,-79.328],[-67.305,-79.394],[-67.262,-79.453]]],[[[-55.165,-61.22],[-55.297,-61.249],[-55.347,-61.212],[-55.369,-61.146],[-55.44,-61.106],[-55.387,-61.073],[-54.671,-61.117],[-54.71,-61.14],[-55.058,-61.169],[-55.165,-61.22]]],[[[-55.873,-63.536],[-55.957,-63.58],[-56.178,-63.513],[-56.235,-63.469],[-56.21,-63.437],[-55.858,-63.407],[-55.762,-63.422],[-55.719,-63.492],[-55.873,-63.536]]],[[[-57.24,-64.567],[-57.326,-64.571],[-57.433,-64.54],[-57.448,-64.488],[-57.446,-64.46],[-57.366,-64.439],[-57.315,-64.435],[-57.023,-64.352],[-56.895,-64.333],[-56.952,-64.382],[-56.945,-64.427],[-56.991,-64.468],[-57.24,-64.567]]],[[[-56.06,-63.079],[-56.259,-63.173],[-56.354,-63.169],[-56.546,-63.098],[-56.601,-63.062],[-56.614,-63.045],[-56.489,-62.982],[-56.14,-63.005],[-56.062,-63.013],[-56.058,-63.019],[-56.051,-63.055],[-56.06,-63.079]]],[[[-57.374,-63.807],[-57.36,-63.825],[-57.161,-63.816],[-57.104,-63.841],[-57.218,-63.876],[-57.248,-63.868],[-57.344,-63.879],[-57.616,-63.854],[-57.683,-63.813],[-57.439,-63.791],[-57.374,-63.807]]],[[[-61.998,-69.722],[-62.085,-69.729],[-62.172,-69.637],[-62.216,-69.495],[-62.496,-69.288],[-62.568,-69.18],[-62.516,-69.155],[-62.442,-69.146],[-62.239,-69.176],[-62.118,-69.215],[-61.978,-69.3],[-61.816,-69.376],[-61.784,-69.442],[-61.807,-69.515],[-61.911,-69.533],[-61.908,-69.588],[-61.97,-69.691],[-61.998,-69.722]]],[[[-60.625,-62.56],[-60.576,-62.573],[-60.14,-62.549],[-60.003,-62.618],[-59.85,-62.615],[-60.221,-62.745],[-60.322,-62.708],[-60.354,-62.679],[-60.378,-62.617],[-60.62,-62.633],[-60.697,-62.621],[-60.796,-62.662],[-60.995,-62.679],[-61.063,-62.679],[-61.15,-62.634],[-61.152,-62.589],[-60.975,-62.592],[-60.838,-62.534],[-60.799,-62.475],[-60.732,-62.491],[-60.625,-62.56]]],[[[-71.985,-69.698],[-72.202,-69.74],[-72.345,-69.707],[-72.777,-69.645],[-72.957,-69.529],[-72.937,-69.469],[-72.857,-69.433],[-72.726,-69.413],[-72.464,-69.452],[-72.331,-69.492],[-71.985,-69.698]]],[[[-95.027,-72.665],[-95.219,-72.67],[-95.273,-72.647],[-95.216,-72.599],[-94.753,-72.517],[-94.566,-72.468],[-94.538,-72.476],[-94.514,-72.492],[-94.434,-72.589],[-94.426,-72.613],[-95.027,-72.665]]],[[[-104.538,-73.166],[-104.66,-73.212],[-104.881,-73.201],[-105.053,-73.126],[-105.123,-73.026],[-105.132,-72.992],[-105.085,-72.966],[-104.972,-72.941],[-104.538,-73.166]]],[[[-119.549,-74.11],[-119.758,-74.122],[-119.821,-74.12],[-119.887,-74.097],[-119.905,-74.082],[-119.797,-74.029],[-119.694,-74.006],[-119.662,-73.989],[-119.803,-73.815],[-119.669,-73.809],[-119.516,-73.775],[-119.216,-73.778],[-118.959,-73.809],[-118.91,-73.834],[-118.877,-73.878],[-118.99,-73.967],[-119.059,-73.998],[-119.449,-74.076],[-119.549,-74.11]]],[[[-127.366,-74.623],[-127.518,-74.641],[-127.817,-74.575],[-127.915,-74.543],[-128,-74.489],[-128.07,-74.478],[-128.096,-74.466],[-128.133,-74.327],[-128.043,-74.312],[-127.853,-74.332],[-127.486,-74.405],[-127.23,-74.425],[-127.145,-74.48],[-127.232,-74.578],[-127.366,-74.623]]],[[[-161.994,-83.119],[-162.305,-83.142],[-163.047,-83.097],[-163.242,-83.06],[-163.348,-83.022],[-163.552,-82.988],[-163.602,-82.969],[-163.602,-82.927],[-163.634,-82.902],[-163.704,-82.879],[-163.735,-82.857],[-163.796,-82.843],[-162.798,-82.865],[-162.411,-82.899],[-162.34,-82.923],[-161.635,-83.027],[-161.828,-83.043],[-161.994,-83.119]]],[[[-160.467,-81.589],[-160.571,-81.598],[-163.253,-81.482],[-163.766,-81.445],[-163.89,-81.424],[-163.939,-81.404],[-163.951,-81.391],[-163.93,-81.352],[-163.869,-81.324],[-163.201,-81.281],[-162.456,-81.313],[-161.559,-81.397],[-160.938,-81.463],[-160.617,-81.522],[-160.485,-81.567],[-160.467,-81.589]]],[[[163.976,-74.833],[163.845,-74.833],[163.763,-74.803],[163.737,-74.734],[163.742,-74.712],[164.002,-74.629],[164.208,-74.608],[164.098,-74.732],[164.059,-74.753],[163.976,-74.833]]],[[[162.968,-75.567],[162.788,-75.696],[162.662,-75.692],[162.591,-75.669],[162.72,-75.597],[162.842,-75.566],[162.917,-75.557],[162.968,-75.567]]],[[[169.844,-73.605],[169.709,-73.625],[169.522,-73.562],[169.479,-73.539],[169.659,-73.418],[169.645,-73.379],[169.672,-73.346],[169.74,-73.32],[169.783,-73.324],[169.887,-73.459],[169.96,-73.514],[169.859,-73.568],[169.844,-73.605]]],[[[164.834,-67.54],[164.746,-67.569],[164.692,-67.56],[164.639,-67.5],[164.696,-67.408],[164.675,-67.289],[164.684,-67.259],[164.825,-67.326],[164.85,-67.364],[164.907,-67.419],[164.919,-67.447],[164.86,-67.504],[164.834,-67.54]]],[[[163.302,-66.821],[163.284,-66.882],[163.235,-66.868],[163.164,-66.819],[163.09,-66.701],[163.156,-66.688],[163.238,-66.709],[163.271,-66.768],[163.299,-66.798],[163.302,-66.821]]],[[[162.611,-66.477],[162.557,-66.525],[162.511,-66.52],[162.303,-66.4],[162.326,-66.347],[162.297,-66.304],[162.302,-66.265],[162.311,-66.251],[162.563,-66.433],[162.611,-66.477]]],[[[96.613,-66.036],[96.727,-66.061],[96.932,-66.058],[97.006,-66.097],[97.019,-66.139],[97.016,-66.164],[96.934,-66.201],[96.395,-66.225],[96.307,-66.186],[96.399,-66.08],[96.5,-66.046],[96.613,-66.036]]],[[[100.265,-66.217],[100.133,-66.229],[100.082,-66.203],[100.076,-66.188],[100.174,-66.131],[100.291,-66.112],[100.282,-66.18],[100.265,-66.217]]],[[[98.846,-66.47],[98.752,-66.482],[98.655,-66.453],[98.605,-66.4],[98.596,-66.383],[98.749,-66.369],[98.95,-66.421],[98.846,-66.47]]],[[[103.397,-65.445],[103.337,-65.469],[103.176,-65.455],[103.138,-65.435],[103.124,-65.338],[103.113,-65.312],[103.054,-65.285],[102.789,-65.236],[102.76,-65.168],[102.796,-65.136],[102.893,-65.13],[103.137,-65.191],[103.191,-65.237],[103.182,-65.308],[103.186,-65.331],[103.261,-65.377],[103.379,-65.426],[103.397,-65.445]]],[[[92.601,-65.808],[92.471,-65.822],[92.333,-65.807],[92.263,-65.76],[92.248,-65.74],[92.301,-65.707],[92.496,-65.702],[92.634,-65.731],[92.665,-65.76],[92.67,-65.775],[92.601,-65.808]]],[[[85.822,-66.953],[85.65,-66.98],[85.622,-66.965],[85.617,-66.951],[85.359,-66.854],[85.314,-66.776],[85.34,-66.723],[85.553,-66.729],[85.806,-66.775],[85.938,-66.894],[85.822,-66.953]]],[[[86.542,-66.767],[86.427,-66.792],[86.337,-66.788],[86.232,-66.733],[86.278,-66.697],[86.383,-66.675],[86.521,-66.687],[86.557,-66.706],[86.652,-66.718],[86.542,-66.767]]],[[[85.329,-66.612],[85.222,-66.643],[85.136,-66.637],[85.08,-66.604],[85.069,-66.584],[85.121,-66.519],[85.165,-66.522],[85.194,-66.556],[85.329,-66.612]]],[[[69.918,-71.918],[69.792,-72.047],[69.744,-72.044],[69.693,-71.968],[69.737,-71.922],[69.796,-71.894],[69.895,-71.908],[69.918,-71.918]]],[[[68.462,-72.3],[68.409,-72.3],[68.436,-72.26],[68.566,-72.19],[68.667,-72.103],[68.729,-72.089],[68.84,-72.165],[68.817,-72.229],[68.67,-72.276],[68.462,-72.3]]],[[[72.002,-70.633],[71.929,-70.633],[71.841,-70.622],[71.726,-70.549],[71.659,-70.497],[71.637,-70.444],[71.647,-70.336],[71.705,-70.284],[71.797,-70.264],[71.838,-70.312],[71.851,-70.368],[71.88,-70.406],[72,-70.457],[72.056,-70.501],[72.073,-70.525],[72.097,-70.575],[72.078,-70.609],[72.002,-70.633]]],[[[48.546,-66.784],[48.378,-66.807],[48.304,-66.798],[48.296,-66.774],[48.294,-66.75],[48.301,-66.724],[48.358,-66.704],[48.638,-66.701],[48.751,-66.72],[48.782,-66.731],[48.786,-66.768],[48.775,-66.778],[48.546,-66.784]]],[[[16.223,-70.008],[16.159,-70.072],[15.845,-69.982],[15.663,-69.955],[15.614,-69.939],[15.571,-69.885],[15.563,-69.863],[15.597,-69.828],[15.699,-69.773],[15.91,-69.728],[16.247,-69.705],[16.573,-69.723],[16.625,-69.75],[16.315,-69.844],[16.223,-70.008]]],[[[3.037,-70.597],[2.698,-70.624],[2.623,-70.593],[2.585,-70.535],[2.631,-70.5],[3.072,-70.382],[3.193,-70.393],[3.231,-70.403],[3.26,-70.449],[3.221,-70.519],[3.171,-70.554],[3.037,-70.597]]],[[[-2.955,-71.214],[-3.061,-71.237],[-3.201,-71.23],[-3.309,-71.201],[-3.386,-71.143],[-3.404,-71.12],[-3.392,-71.081],[-3.399,-71.062],[-3.263,-71.052],[-3.213,-71.076],[-3.191,-71.095],[-2.955,-71.214]]],[[[1.299,-70.255],[1.212,-70.381],[1.156,-70.378],[1.105,-70.304],[0.99,-70.224],[0.953,-70.169],[0.95,-70.094],[1.027,-70.05],[1.315,-70.023],[1.412,-70.041],[1.461,-70.136],[1.299,-70.255]]],[[[-2.533,-70.768],[-2.423,-70.8],[-2.256,-70.796],[-2.092,-70.821],[-2.119,-70.855],[-2.213,-70.902],[-2.293,-70.998],[-2.369,-71.044],[-2.607,-71.141],[-2.783,-71.167],[-2.825,-71.113],[-2.822,-71.057],[-2.805,-71.015],[-2.801,-70.982],[-2.963,-70.94],[-2.975,-70.883],[-3.007,-70.851],[-3.489,-70.736],[-3.575,-70.703],[-3.537,-70.683],[-3.04,-70.674],[-2.75,-70.694],[-2.533,-70.768]]],[[[4.526,-70.479],[4.365,-70.503],[4.18,-70.451],[4.13,-70.417],[4.076,-70.325],[4.07,-70.29],[4.112,-70.267],[4.256,-70.241],[4.495,-70.251],[4.586,-70.294],[4.618,-70.369],[4.59,-70.433],[4.526,-70.479]]],[[[-20.607,-73.887],[-20.654,-74.105],[-20.641,-74.151],[-20.6,-74.197],[-20.423,-74.317],[-20.411,-74.408],[-20.417,-74.443],[-20.489,-74.493],[-20.737,-74.481],[-20.818,-74.455],[-20.846,-74.438],[-20.977,-74.225],[-21.051,-74.176],[-21.167,-74.133],[-21.61,-74.092],[-22.035,-74.107],[-21.93,-74.057],[-21.288,-73.989],[-21.126,-73.94],[-21.025,-73.88],[-20.979,-73.79],[-20.867,-73.677],[-20.69,-73.625],[-20.58,-73.619],[-20.521,-73.712],[-20.521,-73.798],[-20.607,-73.887]]],[[[-16.104,-72.679],[-16.175,-72.703],[-16.318,-72.702],[-16.453,-72.652],[-16.51,-72.582],[-16.517,-72.531],[-16.455,-72.474],[-16.356,-72.459],[-16.303,-72.478],[-16.173,-72.6],[-16.104,-72.679]]],[[[-12.509,-72.173],[-12.588,-72.196],[-12.72,-72.188],[-12.888,-72.137],[-12.944,-72.099],[-12.963,-72.064],[-12.915,-72.015],[-12.875,-72.001],[-12.789,-72.007],[-12.637,-72.071],[-12.535,-72.14],[-12.509,-72.173]]],[[[-32.343,-79.674],[-32.515,-79.683],[-32.583,-79.658],[-32.501,-79.592],[-32.377,-79.535],[-32.15,-79.53],[-31.933,-79.568],[-31.957,-79.604],[-32.001,-79.607],[-32.343,-79.674]]],[[[-54.071,-61.299],[-54.115,-61.308],[-54.184,-61.27],[-54.192,-61.247],[-54.122,-61.202],[-54.05,-61.142],[-54.024,-61.135],[-54.041,-61.255],[-54.071,-61.299]]],[[[-58.838,-62.303],[-59.059,-62.348],[-59.175,-62.302],[-59.202,-62.283],[-59.064,-62.239],[-58.991,-62.249],[-58.962,-62.264],[-58.879,-62.268],[-58.838,-62.303]]],[[[-61.158,-69.976],[-61.309,-69.978],[-61.378,-69.95],[-61.404,-69.933],[-61.386,-69.893],[-61.327,-69.856],[-61.152,-69.883],[-61.108,-69.955],[-61.158,-69.976]]],[[[-60.656,-68.768],[-60.693,-68.795],[-60.82,-68.778],[-60.894,-68.759],[-61.015,-68.71],[-60.947,-68.681],[-60.814,-68.688],[-60.705,-68.722],[-60.656,-68.768]]],[[[-60.741,-70.711],[-60.826,-70.711],[-60.896,-70.69],[-60.958,-70.629],[-60.976,-70.599],[-60.942,-70.533],[-60.884,-70.518],[-60.554,-70.509],[-60.452,-70.544],[-60.449,-70.603],[-60.488,-70.647],[-60.741,-70.711]]],[[[-60.552,-71.053],[-60.652,-71.059],[-60.79,-71.041],[-60.906,-71.007],[-60.946,-70.967],[-60.889,-70.934],[-60.783,-70.914],[-60.613,-70.92],[-60.533,-70.962],[-60.516,-71],[-60.536,-71.041],[-60.552,-71.053]]],[[[-59.389,-62.444],[-59.525,-62.451],[-59.619,-62.395],[-59.661,-62.354],[-59.479,-62.352],[-59.396,-62.367],[-59.353,-62.413],[-59.389,-62.444]]],[[[-60.505,-62.967],[-60.555,-62.978],[-60.62,-62.969],[-60.618,-62.987],[-60.564,-63.009],[-60.622,-63.018],[-60.693,-62.996],[-60.74,-62.949],[-60.706,-62.906],[-60.637,-62.895],[-60.505,-62.967]]],[[[-60.653,-63.867],[-60.778,-63.902],[-60.852,-63.891],[-60.972,-63.849],[-60.81,-63.837],[-60.797,-63.717],[-60.715,-63.669],[-60.562,-63.696],[-60.656,-63.759],[-60.689,-63.808],[-60.655,-63.85],[-60.653,-63.867]]],[[[-61.952,-64.077],[-62.044,-64.08],[-62.021,-64.027],[-61.936,-63.99],[-61.798,-63.967],[-61.886,-64.027],[-61.911,-64.054],[-61.952,-64.077]]],[[[-63.316,-64.861],[-63.474,-64.907],[-63.558,-64.906],[-63.459,-64.796],[-63.367,-64.792],[-63.219,-64.73],[-63.177,-64.739],[-63.257,-64.791],[-63.316,-64.861]]],[[[-62.615,-63.069],[-62.655,-63.074],[-62.639,-63.032],[-62.527,-62.924],[-62.317,-62.874],[-62.344,-62.918],[-62.411,-62.972],[-62.615,-63.069]]],[[[-65.845,-65.842],[-66.064,-65.881],[-66.175,-65.867],[-66.181,-65.826],[-66.153,-65.774],[-66.05,-65.745],[-66.067,-65.666],[-66,-65.633],[-65.968,-65.571],[-65.834,-65.527],[-65.637,-65.548],[-65.668,-65.626],[-65.67,-65.653],[-65.784,-65.674],[-65.814,-65.687],[-65.841,-65.738],[-65.836,-65.814],[-65.845,-65.842]]],[[[-66.595,-66.201],[-66.819,-66.313],[-66.85,-66.305],[-66.868,-66.294],[-66.867,-66.275],[-66.792,-66.234],[-66.779,-66.111],[-66.631,-66.067],[-66.575,-66.082],[-66.623,-66.134],[-66.593,-66.179],[-66.595,-66.201]]],[[[-67.362,-66.895],[-67.409,-66.902],[-67.521,-66.897],[-67.593,-66.876],[-67.5,-66.804],[-67.511,-66.756],[-67.426,-66.737],[-67.332,-66.754],[-67.269,-66.815],[-67.257,-66.841],[-67.362,-66.895]]],[[[-67.349,-67.766],[-67.545,-67.785],[-67.693,-67.763],[-67.69,-67.688],[-67.731,-67.679],[-67.743,-67.661],[-67.557,-67.604],[-67.418,-67.591],[-67.247,-67.599],[-67.175,-67.625],[-67.149,-67.65],[-67.28,-67.712],[-67.3,-67.737],[-67.349,-67.766]]],[[[-71.695,-70.265],[-71.648,-70.295],[-71.432,-70.267],[-71.355,-70.298],[-71.34,-70.317],[-71.438,-70.392],[-71.551,-70.439],[-71.685,-70.442],[-71.782,-70.319],[-71.795,-70.288],[-71.695,-70.265]]],[[[-73.878,-73.357],[-73.975,-73.376],[-74.038,-73.366],[-74.147,-73.315],[-74.134,-73.277],[-74.084,-73.249],[-74.049,-73.22],[-73.832,-73.113],[-73.674,-73.1],[-73.542,-73.124],[-73.682,-73.225],[-73.721,-73.296],[-73.878,-73.357]]],[[[-93.796,-72.92],[-93.966,-72.92],[-94.078,-72.884],[-94.113,-72.86],[-94.047,-72.823],[-94.004,-72.82],[-93.8,-72.882],[-93.756,-72.908],[-93.796,-72.92]]],[[[-116.739,-74.165],[-117.23,-74.193],[-117.363,-74.161],[-117.398,-74.122],[-117.376,-74.083],[-116.381,-73.866],[-116.203,-73.896],[-116.155,-73.91],[-116.451,-74.018],[-116.585,-74.056],[-116.609,-74.069],[-116.534,-74.083],[-116.514,-74.096],[-116.571,-74.126],[-116.739,-74.165]]],[[[-132.391,-74.442],[-132.546,-74.498],[-132.857,-74.462],[-132.832,-74.422],[-132.552,-74.387],[-132.362,-74.41],[-132.391,-74.442]]],[[[-131.067,-74.584],[-131.179,-74.605],[-131.598,-74.554],[-131.841,-74.543],[-131.952,-74.514],[-132.025,-74.489],[-132.049,-74.464],[-132.163,-74.426],[-131.938,-74.349],[-131.763,-74.324],[-131.594,-74.33],[-131.56,-74.367],[-131.234,-74.414],[-130.981,-74.414],[-130.957,-74.456],[-130.967,-74.515],[-131.067,-74.584]]],[[[-147.588,-76.65],[-147.579,-76.663],[-147.73,-76.653],[-147.954,-76.597],[-148.001,-76.577],[-147.9,-76.558],[-147.77,-76.577],[-147.649,-76.611],[-147.588,-76.65]]],[[[-145.238,-75.711],[-145.348,-75.716],[-145.541,-75.693],[-146.043,-75.612],[-146.151,-75.574],[-146.076,-75.533],[-145.896,-75.505],[-145.761,-75.514],[-145.417,-75.588],[-145.315,-75.641],[-145.252,-75.683],[-145.238,-75.711]]],[[[-146.607,-76.961],[-146.981,-77.006],[-147.079,-76.993],[-147.044,-76.93],[-147.101,-76.887],[-147.116,-76.866],[-147.087,-76.837],[-146.867,-76.837],[-146.244,-76.883],[-146.164,-76.949],[-146.607,-76.961]]],[[[-148.596,-77.007],[-149.015,-77.019],[-149.245,-76.993],[-149.303,-76.916],[-149.238,-76.9],[-148.704,-76.936],[-148.509,-76.955],[-148.44,-76.977],[-148.474,-76.998],[-148.596,-77.007]]],[[[-149.333,-76.717],[-148.928,-76.73],[-148.663,-76.721],[-148.384,-76.744],[-148.321,-76.772],[-148.371,-76.795],[-148.67,-76.802],[-148.815,-76.841],[-148.984,-76.845],[-149.238,-76.818],[-149.469,-76.757],[-149.333,-76.717]]],[[[-149.218,-77.336],[-148.929,-77.387],[-149.439,-77.371],[-149.662,-77.301],[-149.519,-77.275],[-149.375,-77.28],[-149.249,-77.315],[-149.218,-77.336]]],[[[-150.233,-76.776],[-150.655,-76.789],[-150.83,-76.762],[-150.874,-76.737],[-150.838,-76.714],[-150.177,-76.691],[-150.104,-76.719],[-150.085,-76.735],[-150.233,-76.776]]],[[[-146.69,-76.246],[-146.894,-76.261],[-147.151,-76.197],[-147.345,-76.147],[-147.408,-76.105],[-147.421,-76.09],[-147.418,-76.073],[-147.361,-76.063],[-146.949,-76.098],[-146.69,-76.246]]],[[[-146.79,-76.633],[-146.908,-76.714],[-147.221,-76.671],[-147.355,-76.619],[-147.279,-76.553],[-147.135,-76.532],[-146.947,-76.555],[-146.878,-76.563],[-146.79,-76.633]]],[[[-150.397,-77.369],[-150.475,-77.374],[-151.344,-77.296],[-151.512,-77.273],[-151.218,-77.226],[-151.022,-77.22],[-150.499,-77.335],[-150.356,-77.349],[-150.397,-77.369]]],[[[-153.93,-80.033],[-154.114,-80.036],[-154.349,-80.026],[-154.529,-80],[-154.942,-79.966],[-155.045,-79.9],[-155.525,-79.846],[-155.751,-79.83],[-155.674,-79.766],[-155.162,-79.851],[-154.535,-79.936],[-154.025,-79.988],[-153.93,-80.033]]],[[[-149.231,-77.121],[-149.293,-77.137],[-149.729,-77.129],[-149.817,-77.114],[-149.856,-77.099],[-150.462,-77.076],[-150.736,-77.004],[-150.789,-76.982],[-150.68,-76.948],[-150.476,-76.926],[-150.393,-76.899],[-149.871,-76.875],[-149.79,-76.889],[-149.743,-76.927],[-149.506,-77.002],[-149.442,-77.049],[-149.416,-77.079],[-149.288,-77.093],[-149.231,-77.121]]],[[[-157.987,-82.105],[-158.076,-82.112],[-158.154,-82.058],[-158.545,-81.949],[-158.773,-81.875],[-158.926,-81.819],[-158.989,-81.779],[-158.914,-81.78],[-158.347,-81.9],[-158.261,-81.947],[-157.835,-82.031],[-157.987,-82.105]]]]}},{"type":"Feature","properties":{"kind":"other-land"},"geometry":{"type":"Polygon","coordinates":[[[-63.123,18.069],[-63.011,18.069],[-63.012,18.045],[-63.023,18.019],[-63.09,18.041],[-63.125,18.064],[-63.123,18.069]]]}}]}